
  .   ____          _            __ _ _
 /\\ / ___'_ __ _ _(_)_ __  __ _ \ \ \ \
( ( )\___ | '_ | '_| | '_ \/ _` | \ \ \ \
 \\/  ___)| |_)| | | | | || (_| |  ) ) ) )
  '  |____| .__|_| |_|_| |_\__, | / / / /
 =========|_|==============|___/=/_/_/_/

 :: Spring Boot ::               (v3.4.12)

2025-12-27T23:02:28.790+05:30  INFO 13892 --- [Ecom] [           main] com.learn.Ecom.EcomApplication           : Starting EcomApplication v0.0.1-SNAPSHOT using Java 21.0.9 with PID 13892 (/Users/sritharunvuppu/IdeaProjects/EcommerceApp/target/Ecom-0.0.1-SNAPSHOT.jar started by sritharunvuppu in /Users/sritharunvuppu/IdeaProjects/EcommerceApp)
2025-12-27T23:02:28.792+05:30  INFO 13892 --- [Ecom] [           main] com.learn.Ecom.EcomApplication           : No active profile set, falling back to 1 default profile: "default"
2025-12-27T23:02:29.117+05:30  INFO 13892 --- [Ecom] [           main] .s.d.r.c.RepositoryConfigurationDelegate : Bootstrapping Spring Data JPA repositories in DEFAULT mode.
2025-12-27T23:02:29.141+05:30  INFO 13892 --- [Ecom] [           main] .s.d.r.c.RepositoryConfigurationDelegate : Finished Spring Data repository scanning in 20 ms. Found 2 JPA repository interfaces.
2025-12-27T23:02:29.396+05:30  INFO 13892 --- [Ecom] [           main] o.s.b.w.embedded.tomcat.TomcatWebServer  : Tomcat initialized with port 9090 (http)
2025-12-27T23:02:29.402+05:30  INFO 13892 --- [Ecom] [           main] o.apache.catalina.core.StandardService   : Starting service [Tomcat]
2025-12-27T23:02:29.402+05:30  INFO 13892 --- [Ecom] [           main] o.apache.catalina.core.StandardEngine    : Starting Servlet engine: [Apache Tomcat/10.1.49]
2025-12-27T23:02:29.415+05:30  INFO 13892 --- [Ecom] [           main] o.a.c.c.C.[Tomcat].[localhost].[/]       : Initializing Spring embedded WebApplicationContext
2025-12-27T23:02:29.416+05:30  INFO 13892 --- [Ecom] [           main] w.s.c.ServletWebServerApplicationContext : Root WebApplicationContext: initialization completed in 598 ms
2025-12-27T23:02:29.476+05:30  INFO 13892 --- [Ecom] [           main] o.hibernate.jpa.internal.util.LogHelper  : HHH000204: Processing PersistenceUnitInfo [name: default]
2025-12-27T23:02:29.497+05:30  INFO 13892 --- [Ecom] [           main] org.hibernate.Version                    : HHH000412: Hibernate ORM core version 6.6.36.Final
2025-12-27T23:02:29.511+05:30  INFO 13892 --- [Ecom] [           main] o.h.c.internal.RegionFactoryInitiator    : HHH000026: Second-level cache disabled
2025-12-27T23:02:29.625+05:30  INFO 13892 --- [Ecom] [           main] o.s.o.j.p.SpringPersistenceUnitInfo      : No LoadTimeWeaver setup: ignoring JPA class transformer
2025-12-27T23:02:29.637+05:30  INFO 13892 --- [Ecom] [           main] com.zaxxer.hikari.HikariDataSource       : HikariPool-1 - Starting...
2025-12-27T23:02:29.727+05:30  INFO 13892 --- [Ecom] [           main] com.zaxxer.hikari.pool.HikariPool        : HikariPool-1 - Added connection conn0: url=jdbc:h2:mem:ecommerce user=SA
2025-12-27T23:02:29.728+05:30  INFO 13892 --- [Ecom] [           main] com.zaxxer.hikari.HikariDataSource       : HikariPool-1 - Start completed.
2025-12-27T23:02:29.750+05:30  INFO 13892 --- [Ecom] [           main] org.hibernate.orm.connections.pooling    : HHH10001005: Database info:
	Database JDBC URL [Connecting through datasource 'HikariDataSource (HikariPool-1)']
	Database driver: undefined/unknown
	Database version: 2.3.232
	Autocommit mode: undefined/unknown
	Isolation level: undefined/unknown
	Minimum pool size: undefined/unknown
	Maximum pool size: undefined/unknown
2025-12-27T23:02:30.066+05:30  INFO 13892 --- [Ecom] [           main] o.h.e.t.j.p.i.JtaPlatformInitiator       : HHH000489: No JTA platform available (set 'hibernate.transaction.jta.platform' to enable JTA platform integration)
Hibernate: 
    create table product (
        id integer generated by default as identity,
        brand varchar(255),
        category varchar(255),
        description varchar(255),
        image_data blob,
        image_name varchar(255),
        image_type varchar(255),
        name varchar(255),
        price numeric(38,2),
        product_available boolean,
        release_date timestamp(6),
        stock_quantity integer,
        primary key (id)
    )
Hibernate: 
    create table users (
        id bigint generated by default as identity,
        email varchar(255) not null,
        name varchar(255),
        password varchar(255) not null,
        role varchar(255),
        primary key (id)
    )
Hibernate: 
    alter table if exists users 
       drop constraint if exists UK6dotkott2kjsp8vw4d0m25fb7
Hibernate: 
    alter table if exists users 
       add constraint UK6dotkott2kjsp8vw4d0m25fb7 unique (email)
2025-12-27T23:02:30.091+05:30  INFO 13892 --- [Ecom] [           main] j.LocalContainerEntityManagerFactoryBean : Initialized JPA EntityManagerFactory for persistence unit 'default'
2025-12-27T23:02:30.241+05:30  INFO 13892 --- [Ecom] [           main] o.s.d.j.r.query.QueryEnhancerFactory     : Hibernate is in classpath; If applicable, HQL parser will be used.
2025-12-27T23:02:30.547+05:30  WARN 13892 --- [Ecom] [           main] JpaBaseConfiguration$JpaWebConfiguration : spring.jpa.open-in-view is enabled by default. Therefore, database queries may be performed during view rendering. Explicitly configure spring.jpa.open-in-view to disable this warning
2025-12-27T23:02:30.707+05:30  INFO 13892 --- [Ecom] [           main] o.s.b.a.h2.H2ConsoleAutoConfiguration    : H2 console available at '/h2-console'. Database available at 'jdbc:h2:mem:ecommerce'
2025-12-27T23:02:30.761+05:30  INFO 13892 --- [Ecom] [           main] o.s.b.w.embedded.tomcat.TomcatWebServer  : Tomcat started on port 9090 (http) with context path '/'
2025-12-27T23:02:30.770+05:30  INFO 13892 --- [Ecom] [           main] com.learn.Ecom.EcomApplication           : Started EcomApplication in 2.17 seconds (process running for 2.375)
Hibernate: 
    select
        u1_0.id,
        u1_0.email,
        u1_0.name,
        u1_0.password,
        u1_0.role 
    from
        users u1_0 
    where
        u1_0.email=?
Hibernate: 
    insert 
    into
        users
        (email, name, password, role, id) 
    values
        (?, ?, ?, ?, default)
Created default test user: test@local / password123
2025-12-27T23:32:59.476+05:30  WARN 13892 --- [Ecom] [l-1 housekeeper] com.zaxxer.hikari.pool.HikariPool        : HikariPool-1 - Thread starvation or clock leap detected (housekeeper delta=15m29s532ms).
2025-12-27T23:48:32.680+05:30  WARN 13892 --- [Ecom] [l-1 housekeeper] com.zaxxer.hikari.pool.HikariPool        : HikariPool-1 - Thread starvation or clock leap detected (housekeeper delta=15m33s205ms).
2025-12-28T00:04:05.403+05:30  WARN 13892 --- [Ecom] [l-1 housekeeper] com.zaxxer.hikari.pool.HikariPool        : HikariPool-1 - Thread starvation or clock leap detected (housekeeper delta=15m32s723ms).
2025-12-28T00:19:35.319+05:30  WARN 13892 --- [Ecom] [l-1 housekeeper] com.zaxxer.hikari.pool.HikariPool        : HikariPool-1 - Thread starvation or clock leap detected (housekeeper delta=15m29s916ms).
2025-12-28T00:35:06.046+05:30  WARN 13892 --- [Ecom] [l-1 housekeeper] com.zaxxer.hikari.pool.HikariPool        : HikariPool-1 - Thread starvation or clock leap detected (housekeeper delta=15m30s727ms).
2025-12-28T00:50:36.171+05:30  WARN 13892 --- [Ecom] [l-1 housekeeper] com.zaxxer.hikari.pool.HikariPool        : HikariPool-1 - Thread starvation or clock leap detected (housekeeper delta=15m30s125ms).
2025-12-28T01:06:08.862+05:30  WARN 13892 --- [Ecom] [l-1 housekeeper] com.zaxxer.hikari.pool.HikariPool        : HikariPool-1 - Thread starvation or clock leap detected (housekeeper delta=15m32s691ms).
2025-12-28T01:34:00.590+05:30  WARN 13892 --- [Ecom] [l-1 housekeeper] com.zaxxer.hikari.pool.HikariPool        : HikariPool-1 - Thread starvation or clock leap detected (housekeeper delta=27m51s728ms).
2025-12-28T01:49:31.460+05:30  WARN 13892 --- [Ecom] [l-1 housekeeper] com.zaxxer.hikari.pool.HikariPool        : HikariPool-1 - Thread starvation or clock leap detected (housekeeper delta=15m30s870ms).
2025-12-28T02:05:32.514+05:30  WARN 13892 --- [Ecom] [l-1 housekeeper] com.zaxxer.hikari.pool.HikariPool        : HikariPool-1 - Thread starvation or clock leap detected (housekeeper delta=15m31s42ms).
2025-12-28T02:21:03.223+05:30  WARN 13892 --- [Ecom] [l-1 housekeeper] com.zaxxer.hikari.pool.HikariPool        : HikariPool-1 - Thread starvation or clock leap detected (housekeeper delta=15m30s710ms).
2025-12-28T02:36:33.892+05:30  WARN 13892 --- [Ecom] [l-1 housekeeper] com.zaxxer.hikari.pool.HikariPool        : HikariPool-1 - Thread starvation or clock leap detected (housekeeper delta=15m30s669ms).
2025-12-28T02:52:05.139+05:30  WARN 13892 --- [Ecom] [l-1 housekeeper] com.zaxxer.hikari.pool.HikariPool        : HikariPool-1 - Thread starvation or clock leap detected (housekeeper delta=15m31s247ms).
2025-12-28T03:07:35.759+05:30  WARN 13892 --- [Ecom] [l-1 housekeeper] com.zaxxer.hikari.pool.HikariPool        : HikariPool-1 - Thread starvation or clock leap detected (housekeeper delta=15m30s620ms).
2025-12-28T03:23:06.278+05:30  WARN 13892 --- [Ecom] [l-1 housekeeper] com.zaxxer.hikari.pool.HikariPool        : HikariPool-1 - Thread starvation or clock leap detected (housekeeper delta=15m30s519ms).
2025-12-28T03:39:07.591+05:30  WARN 13892 --- [Ecom] [l-1 housekeeper] com.zaxxer.hikari.pool.HikariPool        : HikariPool-1 - Thread starvation or clock leap detected (housekeeper delta=15m31s297ms).
2025-12-28T03:54:42.219+05:30  WARN 13892 --- [Ecom] [l-1 housekeeper] com.zaxxer.hikari.pool.HikariPool        : HikariPool-1 - Thread starvation or clock leap detected (housekeeper delta=15m34s628ms).
2025-12-28T04:10:12.906+05:30  WARN 13892 --- [Ecom] [l-1 housekeeper] com.zaxxer.hikari.pool.HikariPool        : HikariPool-1 - Thread starvation or clock leap detected (housekeeper delta=15m30s687ms).
2025-12-28T04:25:44.097+05:30  WARN 13892 --- [Ecom] [l-1 housekeeper] com.zaxxer.hikari.pool.HikariPool        : HikariPool-1 - Thread starvation or clock leap detected (housekeeper delta=15m31s191ms).
2025-12-28T04:54:32.900+05:30  WARN 13892 --- [Ecom] [l-1 housekeeper] com.zaxxer.hikari.pool.HikariPool        : HikariPool-1 - Thread starvation or clock leap detected (housekeeper delta=28m48s802ms).
2025-12-28T05:10:34.013+05:30  WARN 13892 --- [Ecom] [l-1 housekeeper] com.zaxxer.hikari.pool.HikariPool        : HikariPool-1 - Thread starvation or clock leap detected (housekeeper delta=15m31s91ms).
2025-12-28T05:26:05.823+05:30  WARN 13892 --- [Ecom] [l-1 housekeeper] com.zaxxer.hikari.pool.HikariPool        : HikariPool-1 - Thread starvation or clock leap detected (housekeeper delta=15m31s810ms).
2025-12-28T05:47:19.674+05:30  WARN 13892 --- [Ecom] [l-1 housekeeper] com.zaxxer.hikari.pool.HikariPool        : HikariPool-1 - Thread starvation or clock leap detected (housekeeper delta=21m13s851ms).
2025-12-28T06:01:22.019+05:30  WARN 13892 --- [Ecom] [l-1 housekeeper] com.zaxxer.hikari.pool.HikariPool        : HikariPool-1 - Thread starvation or clock leap detected (housekeeper delta=14m2s345ms).
2025-12-28T06:32:03.582+05:30  WARN 13892 --- [Ecom] [l-1 housekeeper] com.zaxxer.hikari.pool.HikariPool        : HikariPool-1 - Thread starvation or clock leap detected (housekeeper delta=30m41s563ms).
2025-12-28T06:47:41.242+05:30  WARN 13892 --- [Ecom] [l-1 housekeeper] com.zaxxer.hikari.pool.HikariPool        : HikariPool-1 - Thread starvation or clock leap detected (housekeeper delta=15m37s660ms).
2025-12-28T07:03:11.909+05:30  WARN 13892 --- [Ecom] [l-1 housekeeper] com.zaxxer.hikari.pool.HikariPool        : HikariPool-1 - Thread starvation or clock leap detected (housekeeper delta=15m30s667ms).
2025-12-28T07:18:42.960+05:30  WARN 13892 --- [Ecom] [l-1 housekeeper] com.zaxxer.hikari.pool.HikariPool        : HikariPool-1 - Thread starvation or clock leap detected (housekeeper delta=15m31s51ms).
2025-12-28T07:34:14.090+05:30  WARN 13892 --- [Ecom] [l-1 housekeeper] com.zaxxer.hikari.pool.HikariPool        : HikariPool-1 - Thread starvation or clock leap detected (housekeeper delta=15m31s129ms).
2025-12-28T07:49:45.226+05:30  WARN 13892 --- [Ecom] [l-1 housekeeper] com.zaxxer.hikari.pool.HikariPool        : HikariPool-1 - Thread starvation or clock leap detected (housekeeper delta=15m31s137ms).
2025-12-28T08:02:20.157+05:30  WARN 13892 --- [Ecom] [l-1 housekeeper] com.zaxxer.hikari.pool.HikariPool        : HikariPool-1 - Thread starvation or clock leap detected (housekeeper delta=12m34s931ms).
2025-12-28T08:17:53.210+05:30  WARN 13892 --- [Ecom] [l-1 housekeeper] com.zaxxer.hikari.pool.HikariPool        : HikariPool-1 - Thread starvation or clock leap detected (housekeeper delta=15m33s53ms).
2025-12-28T08:33:25.343+05:30  WARN 13892 --- [Ecom] [l-1 housekeeper] com.zaxxer.hikari.pool.HikariPool        : HikariPool-1 - Thread starvation or clock leap detected (housekeeper delta=15m32s133ms).
2025-12-28T08:46:24.494+05:30  WARN 13892 --- [Ecom] [l-1 housekeeper] com.zaxxer.hikari.pool.HikariPool        : HikariPool-1 - Thread starvation or clock leap detected (housekeeper delta=12m59s151ms).
2025-12-28T10:18:42.577+05:30  WARN 13892 --- [Ecom] [l-1 housekeeper] com.zaxxer.hikari.pool.HikariPool        : HikariPool-1 - Thread starvation or clock leap detected (housekeeper delta=3m17s250ms).
2025-12-28T10:34:42.161+05:30  WARN 13892 --- [Ecom] [l-1 housekeeper] com.zaxxer.hikari.pool.HikariPool        : HikariPool-1 - Thread starvation or clock leap detected (housekeeper delta=15m29s579ms).
2025-12-28T10:59:58.511+05:30  WARN 13892 --- [Ecom] [l-1 housekeeper] com.zaxxer.hikari.pool.HikariPool        : HikariPool-1 - Thread starvation or clock leap detected (housekeeper delta=4m33s298ms).
2025-12-28T11:15:46.598+05:30  WARN 13892 --- [Ecom] [l-1 housekeeper] com.zaxxer.hikari.pool.HikariPool        : HikariPool-1 - Thread starvation or clock leap detected (housekeeper delta=15m18s73ms).
2025-12-28T12:03:34.639+05:30  WARN 13892 --- [Ecom] [l-1 housekeeper] com.zaxxer.hikari.pool.HikariPool        : HikariPool-1 - Thread starvation or clock leap detected (housekeeper delta=10m17s708ms).
2025-12-28T12:19:04.239+05:30  WARN 13892 --- [Ecom] [l-1 housekeeper] com.zaxxer.hikari.pool.HikariPool        : HikariPool-1 - Thread starvation or clock leap detected (housekeeper delta=15m29s599ms).
2025-12-28T12:20:22.916+05:30  WARN 13892 --- [Ecom] [l-1 housekeeper] com.zaxxer.hikari.pool.HikariPool        : HikariPool-1 - Thread starvation or clock leap detected (housekeeper delta=48s668ms).
2025-12-28T13:45:03.803+05:30  WARN 13892 --- [Ecom] [l-1 housekeeper] com.zaxxer.hikari.pool.HikariPool        : HikariPool-1 - Thread starvation or clock leap detected (housekeeper delta=2m40s215ms).
2025-12-28T14:01:01.920+05:30  WARN 13892 --- [Ecom] [l-1 housekeeper] com.zaxxer.hikari.pool.HikariPool        : HikariPool-1 - Thread starvation or clock leap detected (housekeeper delta=15m28s105ms).
2025-12-28T14:16:31.976+05:30  WARN 13892 --- [Ecom] [l-1 housekeeper] com.zaxxer.hikari.pool.HikariPool        : HikariPool-1 - Thread starvation or clock leap detected (housekeeper delta=15m30s56ms).
2025-12-28T14:32:32.040+05:30  WARN 13892 --- [Ecom] [l-1 housekeeper] com.zaxxer.hikari.pool.HikariPool        : HikariPool-1 - Thread starvation or clock leap detected (housekeeper delta=15m30s53ms).
2025-12-28T14:48:32.113+05:30  WARN 13892 --- [Ecom] [l-1 housekeeper] com.zaxxer.hikari.pool.HikariPool        : HikariPool-1 - Thread starvation or clock leap detected (housekeeper delta=15m30s64ms).
2025-12-28T14:53:19.722+05:30  WARN 13892 --- [Ecom] [l-1 housekeeper] com.zaxxer.hikari.pool.HikariPool        : HikariPool-1 - Thread starvation or clock leap detected (housekeeper delta=4m17s599ms).
2025-12-28T15:01:40.628+05:30  WARN 13892 --- [Ecom] [l-1 housekeeper] com.zaxxer.hikari.pool.HikariPool        : HikariPool-1 - Thread starvation or clock leap detected (housekeeper delta=8m20s906ms).
2025-12-28T15:14:23.402+05:30  WARN 13892 --- [Ecom] [l-1 housekeeper] com.zaxxer.hikari.pool.HikariPool        : HikariPool-1 - Thread starvation or clock leap detected (housekeeper delta=12m12s763ms).
2025-12-28T16:55:27.626+05:30  WARN 13892 --- [Ecom] [l-1 housekeeper] com.zaxxer.hikari.pool.HikariPool        : HikariPool-1 - Thread starvation or clock leap detected (housekeeper delta=1m33s354ms).
2025-12-28T17:10:57.231+05:30  WARN 13892 --- [Ecom] [l-1 housekeeper] com.zaxxer.hikari.pool.HikariPool        : HikariPool-1 - Thread starvation or clock leap detected (housekeeper delta=15m29s605ms).
2025-12-28T17:26:57.284+05:30  WARN 13892 --- [Ecom] [l-1 housekeeper] com.zaxxer.hikari.pool.HikariPool        : HikariPool-1 - Thread starvation or clock leap detected (housekeeper delta=15m30s48ms).
2025-12-28T17:41:42.643+05:30  WARN 13892 --- [Ecom] [l-1 housekeeper] com.zaxxer.hikari.pool.HikariPool        : HikariPool-1 - Thread starvation or clock leap detected (housekeeper delta=14m15s349ms).
2025-12-28T18:44:41.703+05:30  WARN 13892 --- [Ecom] [l-1 housekeeper] com.zaxxer.hikari.pool.HikariPool        : HikariPool-1 - Thread starvation or clock leap detected (housekeeper delta=58s491ms).
2025-12-28T18:47:54.619+05:30  WARN 13892 --- [Ecom] [l-1 housekeeper] com.zaxxer.hikari.pool.HikariPool        : HikariPool-1 - Thread starvation or clock leap detected (housekeeper delta=2m42s893ms).
2025-12-28T19:03:54.676+05:30  WARN 13892 --- [Ecom] [l-1 housekeeper] com.zaxxer.hikari.pool.HikariPool        : HikariPool-1 - Thread starvation or clock leap detected (housekeeper delta=15m30s47ms).
2025-12-28T19:19:24.274+05:30  WARN 13892 --- [Ecom] [l-1 housekeeper] com.zaxxer.hikari.pool.HikariPool        : HikariPool-1 - Thread starvation or clock leap detected (housekeeper delta=15m29s598ms).
2025-12-28T19:35:24.344+05:30  WARN 13892 --- [Ecom] [l-1 housekeeper] com.zaxxer.hikari.pool.HikariPool        : HikariPool-1 - Thread starvation or clock leap detected (housekeeper delta=15m30s53ms).
2025-12-28T19:51:24.562+05:30  WARN 13892 --- [Ecom] [l-1 housekeeper] com.zaxxer.hikari.pool.HikariPool        : HikariPool-1 - Thread starvation or clock leap detected (housekeeper delta=15m30s205ms).
2025-12-28T20:07:24.525+05:30  WARN 13892 --- [Ecom] [l-1 housekeeper] com.zaxxer.hikari.pool.HikariPool        : HikariPool-1 - Thread starvation or clock leap detected (housekeeper delta=15m29s956ms).
2025-12-28T20:22:54.105+05:30  WARN 13892 --- [Ecom] [l-1 housekeeper] com.zaxxer.hikari.pool.HikariPool        : HikariPool-1 - Thread starvation or clock leap detected (housekeeper delta=15m29s579ms).
2025-12-28T21:17:21.345+05:30  WARN 13892 --- [Ecom] [l-1 housekeeper] com.zaxxer.hikari.pool.HikariPool        : HikariPool-1 - Thread starvation or clock leap detected (housekeeper delta=10m26s843ms).
2025-12-28T21:33:20.899+05:30  WARN 13892 --- [Ecom] [l-1 housekeeper] com.zaxxer.hikari.pool.HikariPool        : HikariPool-1 - Thread starvation or clock leap detected (housekeeper delta=15m29s542ms).
2025-12-28T21:49:21.072+05:30  WARN 13892 --- [Ecom] [l-1 housekeeper] com.zaxxer.hikari.pool.HikariPool        : HikariPool-1 - Thread starvation or clock leap detected (housekeeper delta=15m30s164ms).
2025-12-28T21:51:39.755+05:30  WARN 13892 --- [Ecom] [l-1 housekeeper] com.zaxxer.hikari.pool.HikariPool        : HikariPool-1 - Thread starvation or clock leap detected (housekeeper delta=2m18s683ms).
2025-12-28T22:41:25.436+05:30  WARN 13892 --- [Ecom] [l-1 housekeeper] com.zaxxer.hikari.pool.HikariPool        : HikariPool-1 - Thread starvation or clock leap detected (housekeeper delta=5m15s328ms).
2025-12-28T23:29:26.958+05:30  WARN 13892 --- [Ecom] [l-1 housekeeper] com.zaxxer.hikari.pool.HikariPool        : HikariPool-1 - Thread starvation or clock leap detected (housekeeper delta=15m31s270ms).
2025-12-28T23:45:00.264+05:30  WARN 13892 --- [Ecom] [l-1 housekeeper] com.zaxxer.hikari.pool.HikariPool        : HikariPool-1 - Thread starvation or clock leap detected (housekeeper delta=15m33s306ms).
2025-12-29T00:00:30.698+05:30  WARN 13892 --- [Ecom] [l-1 housekeeper] com.zaxxer.hikari.pool.HikariPool        : HikariPool-1 - Thread starvation or clock leap detected (housekeeper delta=15m30s434ms).
2025-12-29T00:16:02.104+05:30  WARN 13892 --- [Ecom] [l-1 housekeeper] com.zaxxer.hikari.pool.HikariPool        : HikariPool-1 - Thread starvation or clock leap detected (housekeeper delta=15m31s406ms).
2025-12-29T00:31:38.370+05:30  WARN 13892 --- [Ecom] [l-1 housekeeper] com.zaxxer.hikari.pool.HikariPool        : HikariPool-1 - Thread starvation or clock leap detected (housekeeper delta=15m36s266ms).
2025-12-29T00:47:10.293+05:30  WARN 13892 --- [Ecom] [l-1 housekeeper] com.zaxxer.hikari.pool.HikariPool        : HikariPool-1 - Thread starvation or clock leap detected (housekeeper delta=15m31s923ms).
2025-12-29T01:02:41.456+05:30  WARN 13892 --- [Ecom] [l-1 housekeeper] com.zaxxer.hikari.pool.HikariPool        : HikariPool-1 - Thread starvation or clock leap detected (housekeeper delta=15m31s163ms).
2025-12-29T01:15:20.325+05:30  WARN 13892 --- [Ecom] [l-1 housekeeper] com.zaxxer.hikari.pool.HikariPool        : HikariPool-1 - Thread starvation or clock leap detected (housekeeper delta=12m38s869ms).
2025-12-29T01:30:51.496+05:30  WARN 13892 --- [Ecom] [l-1 housekeeper] com.zaxxer.hikari.pool.HikariPool        : HikariPool-1 - Thread starvation or clock leap detected (housekeeper delta=15m31s171ms).
2025-12-29T01:46:22.886+05:30  WARN 13892 --- [Ecom] [l-1 housekeeper] com.zaxxer.hikari.pool.HikariPool        : HikariPool-1 - Thread starvation or clock leap detected (housekeeper delta=15m31s390ms).
2025-12-29T02:01:55.386+05:30  WARN 13892 --- [Ecom] [l-1 housekeeper] com.zaxxer.hikari.pool.HikariPool        : HikariPool-1 - Thread starvation or clock leap detected (housekeeper delta=15m32s500ms).
2025-12-29T02:17:27.282+05:30  WARN 13892 --- [Ecom] [l-1 housekeeper] com.zaxxer.hikari.pool.HikariPool        : HikariPool-1 - Thread starvation or clock leap detected (housekeeper delta=15m31s896ms).
2025-12-29T02:33:00.690+05:30  WARN 13892 --- [Ecom] [l-1 housekeeper] com.zaxxer.hikari.pool.HikariPool        : HikariPool-1 - Thread starvation or clock leap detected (housekeeper delta=15m33s408ms).
2025-12-29T03:03:34.363+05:30  WARN 13892 --- [Ecom] [l-1 housekeeper] com.zaxxer.hikari.pool.HikariPool        : HikariPool-1 - Thread starvation or clock leap detected (housekeeper delta=30m33s673ms).
2025-12-29T03:19:05.428+05:30  WARN 13892 --- [Ecom] [l-1 housekeeper] com.zaxxer.hikari.pool.HikariPool        : HikariPool-1 - Thread starvation or clock leap detected (housekeeper delta=15m31s65ms).
2025-12-29T03:34:38.690+05:30  WARN 13892 --- [Ecom] [l-1 housekeeper] com.zaxxer.hikari.pool.HikariPool        : HikariPool-1 - Thread starvation or clock leap detected (housekeeper delta=15m33s262ms).
2025-12-29T03:50:09.121+05:30  WARN 13892 --- [Ecom] [l-1 housekeeper] com.zaxxer.hikari.pool.HikariPool        : HikariPool-1 - Thread starvation or clock leap detected (housekeeper delta=15m30s431ms).
2025-12-29T04:05:39.457+05:30  WARN 13892 --- [Ecom] [l-1 housekeeper] com.zaxxer.hikari.pool.HikariPool        : HikariPool-1 - Thread starvation or clock leap detected (housekeeper delta=15m30s336ms).
2025-12-29T04:21:15.324+05:30  WARN 13892 --- [Ecom] [l-1 housekeeper] com.zaxxer.hikari.pool.HikariPool        : HikariPool-1 - Thread starvation or clock leap detected (housekeeper delta=15m35s867ms).
2025-12-29T04:36:48.699+05:30  WARN 13892 --- [Ecom] [l-1 housekeeper] com.zaxxer.hikari.pool.HikariPool        : HikariPool-1 - Thread starvation or clock leap detected (housekeeper delta=15m33s375ms).
2025-12-29T04:52:20.105+05:30  WARN 13892 --- [Ecom] [l-1 housekeeper] com.zaxxer.hikari.pool.HikariPool        : HikariPool-1 - Thread starvation or clock leap detected (housekeeper delta=15m31s405ms).
2025-12-29T05:22:53.038+05:30  WARN 13892 --- [Ecom] [l-1 housekeeper] com.zaxxer.hikari.pool.HikariPool        : HikariPool-1 - Thread starvation or clock leap detected (housekeeper delta=30m32s934ms).
2025-12-29T05:38:24.412+05:30  WARN 13892 --- [Ecom] [l-1 housekeeper] com.zaxxer.hikari.pool.HikariPool        : HikariPool-1 - Thread starvation or clock leap detected (housekeeper delta=15m31s374ms).
2025-12-29T05:53:55.835+05:30  WARN 13892 --- [Ecom] [l-1 housekeeper] com.zaxxer.hikari.pool.HikariPool        : HikariPool-1 - Thread starvation or clock leap detected (housekeeper delta=15m31s423ms).
2025-12-29T06:01:05.769+05:30  WARN 13892 --- [Ecom] [l-1 housekeeper] com.zaxxer.hikari.pool.HikariPool        : HikariPool-1 - Thread starvation or clock leap detected (housekeeper delta=7m9s934ms).
2025-12-29T06:26:24.223+05:30  WARN 13892 --- [Ecom] [l-1 housekeeper] com.zaxxer.hikari.pool.HikariPool        : HikariPool-1 - Thread starvation or clock leap detected (housekeeper delta=25m18s454ms).
2025-12-29T06:41:56.103+05:30  WARN 13892 --- [Ecom] [l-1 housekeeper] com.zaxxer.hikari.pool.HikariPool        : HikariPool-1 - Thread starvation or clock leap detected (housekeeper delta=15m31s880ms).
2025-12-29T07:12:27.562+05:30  WARN 13892 --- [Ecom] [l-1 housekeeper] com.zaxxer.hikari.pool.HikariPool        : HikariPool-1 - Thread starvation or clock leap detected (housekeeper delta=30m31s458ms).
2025-12-29T07:27:58.816+05:30  WARN 13892 --- [Ecom] [l-1 housekeeper] com.zaxxer.hikari.pool.HikariPool        : HikariPool-1 - Thread starvation or clock leap detected (housekeeper delta=15m31s255ms).
2025-12-29T07:43:30.218+05:30  WARN 13892 --- [Ecom] [l-1 housekeeper] com.zaxxer.hikari.pool.HikariPool        : HikariPool-1 - Thread starvation or clock leap detected (housekeeper delta=15m31s402ms).
2025-12-29T07:59:00.505+05:30  WARN 13892 --- [Ecom] [l-1 housekeeper] com.zaxxer.hikari.pool.HikariPool        : HikariPool-1 - Thread starvation or clock leap detected (housekeeper delta=15m30s287ms).
2025-12-29T08:17:16.872+05:30  WARN 13892 --- [Ecom] [l-1 housekeeper] com.zaxxer.hikari.pool.HikariPool        : HikariPool-1 - Thread starvation or clock leap detected (housekeeper delta=18m16s367ms).
2025-12-29T08:32:49.989+05:30  WARN 13892 --- [Ecom] [l-1 housekeeper] com.zaxxer.hikari.pool.HikariPool        : HikariPool-1 - Thread starvation or clock leap detected (housekeeper delta=15m33s117ms).
2025-12-29T08:48:23.335+05:30  WARN 13892 --- [Ecom] [l-1 housekeeper] com.zaxxer.hikari.pool.HikariPool        : HikariPool-1 - Thread starvation or clock leap detected (housekeeper delta=15m33s346ms).
2025-12-29T08:54:32.976+05:30  WARN 13892 --- [Ecom] [l-1 housekeeper] com.zaxxer.hikari.pool.HikariPool        : HikariPool-1 - Thread starvation or clock leap detected (housekeeper delta=6m9s641ms).
2025-12-29T10:21:04.876+05:30  WARN 13892 --- [Ecom] [l-1 housekeeper] com.zaxxer.hikari.pool.HikariPool        : HikariPool-1 - Thread starvation or clock leap detected (housekeeper delta=15m31s317ms).
2025-12-29T10:32:19.620+05:30  WARN 13892 --- [Ecom] [l-1 housekeeper] com.zaxxer.hikari.pool.HikariPool        : HikariPool-1 - Thread starvation or clock leap detected (housekeeper delta=11m14s743ms).
2025-12-29T11:11:19.795+05:30  WARN 13892 --- [Ecom] [l-1 housekeeper] com.zaxxer.hikari.pool.HikariPool        : HikariPool-1 - Thread starvation or clock leap detected (housekeeper delta=1m59s844ms).
2025-12-29T11:27:19.225+05:30  WARN 13892 --- [Ecom] [l-1 housekeeper] com.zaxxer.hikari.pool.HikariPool        : HikariPool-1 - Thread starvation or clock leap detected (housekeeper delta=15m29s427ms).
2025-12-29T11:45:49.331+05:30  WARN 13892 --- [Ecom] [l-1 housekeeper] com.zaxxer.hikari.pool.HikariPool        : HikariPool-1 - Thread starvation or clock leap detected (housekeeper delta=15m30s54ms).
2025-12-29T11:54:20.994+05:30  WARN 13892 --- [Ecom] [l-1 housekeeper] com.zaxxer.hikari.pool.HikariPool        : HikariPool-1 - Thread starvation or clock leap detected (housekeeper delta=8m1s651ms).
2025-12-29T13:13:58.762+05:30  WARN 13892 --- [Ecom] [l-1 housekeeper] com.zaxxer.hikari.pool.HikariPool        : HikariPool-1 - Thread starvation or clock leap detected (housekeeper delta=4m36s663ms).
2025-12-29T13:15:57.312+05:30  WARN 13892 --- [Ecom] [l-1 housekeeper] com.zaxxer.hikari.pool.HikariPool        : HikariPool-1 - Thread starvation or clock leap detected (housekeeper delta=1m58s551ms).
2025-12-29T14:56:29.311+05:30  WARN 13892 --- [Ecom] [l-1 housekeeper] com.zaxxer.hikari.pool.HikariPool        : HikariPool-1 - Thread starvation or clock leap detected (housekeeper delta=15m31s252ms).
2025-12-29T15:00:56.964+05:30  WARN 13892 --- [Ecom] [l-1 housekeeper] com.zaxxer.hikari.pool.HikariPool        : HikariPool-1 - Thread starvation or clock leap detected (housekeeper delta=4m27s653ms).
2025-12-29T15:48:28.424+05:30  WARN 13892 --- [Ecom] [l-1 housekeeper] com.zaxxer.hikari.pool.HikariPool        : HikariPool-1 - Thread starvation or clock leap detected (housekeeper delta=15m31s228ms).
2025-12-29T16:03:58.663+05:30  WARN 13892 --- [Ecom] [l-1 housekeeper] com.zaxxer.hikari.pool.HikariPool        : HikariPool-1 - Thread starvation or clock leap detected (housekeeper delta=15m30s240ms).
2025-12-29T16:19:28.692+05:30  WARN 13892 --- [Ecom] [l-1 housekeeper] com.zaxxer.hikari.pool.HikariPool        : HikariPool-1 - Thread starvation or clock leap detected (housekeeper delta=15m30s29ms).
2025-12-29T16:21:25.413+05:30  WARN 13892 --- [Ecom] [l-1 housekeeper] com.zaxxer.hikari.pool.HikariPool        : HikariPool-1 - Thread starvation or clock leap detected (housekeeper delta=1m56s721ms).
2025-12-29T17:34:06.478+05:30  WARN 13892 --- [Ecom] [l-1 housekeeper] com.zaxxer.hikari.pool.HikariPool        : HikariPool-1 - Thread starvation or clock leap detected (housekeeper delta=1m10s479ms).
2025-12-29T17:53:07.695+05:30  WARN 13892 --- [Ecom] [l-1 housekeeper] com.zaxxer.hikari.pool.HikariPool        : HikariPool-1 - Thread starvation or clock leap detected (housekeeper delta=15m31s193ms).
2025-12-29T17:55:41.212+05:30  WARN 13892 --- [Ecom] [l-1 housekeeper] com.zaxxer.hikari.pool.HikariPool        : HikariPool-1 - Thread starvation or clock leap detected (housekeeper delta=2m33s516ms).
2025-12-29T18:12:41.834+05:30  WARN 13892 --- [Ecom] [l-1 housekeeper] com.zaxxer.hikari.pool.HikariPool        : HikariPool-1 - Thread starvation or clock leap detected (housekeeper delta=15m30s608ms).
2025-12-29T18:28:14.352+05:30  WARN 13892 --- [Ecom] [l-1 housekeeper] com.zaxxer.hikari.pool.HikariPool        : HikariPool-1 - Thread starvation or clock leap detected (housekeeper delta=15m32s517ms).
2025-12-29T18:43:45.542+05:30  WARN 13892 --- [Ecom] [l-1 housekeeper] com.zaxxer.hikari.pool.HikariPool        : HikariPool-1 - Thread starvation or clock leap detected (housekeeper delta=15m31s191ms).
2025-12-29T18:59:16.895+05:30  WARN 13892 --- [Ecom] [l-1 housekeeper] com.zaxxer.hikari.pool.HikariPool        : HikariPool-1 - Thread starvation or clock leap detected (housekeeper delta=15m31s353ms).
2025-12-29T19:14:50.152+05:30  WARN 13892 --- [Ecom] [l-1 housekeeper] com.zaxxer.hikari.pool.HikariPool        : HikariPool-1 - Thread starvation or clock leap detected (housekeeper delta=15m33s257ms).
2025-12-29T19:45:24.289+05:30  WARN 13892 --- [Ecom] [l-1 housekeeper] com.zaxxer.hikari.pool.HikariPool        : HikariPool-1 - Thread starvation or clock leap detected (housekeeper delta=30m34s137ms).
2025-12-29T19:58:33.306+05:30  WARN 13892 --- [Ecom] [l-1 housekeeper] com.zaxxer.hikari.pool.HikariPool        : HikariPool-1 - Thread starvation or clock leap detected (housekeeper delta=13m9s17ms).
2025-12-29T20:14:03.324+05:30  WARN 13892 --- [Ecom] [l-1 housekeeper] com.zaxxer.hikari.pool.HikariPool        : HikariPool-1 - Thread starvation or clock leap detected (housekeeper delta=15m30s18ms).
2025-12-29T20:29:35.406+05:30  WARN 13892 --- [Ecom] [l-1 housekeeper] com.zaxxer.hikari.pool.HikariPool        : HikariPool-1 - Thread starvation or clock leap detected (housekeeper delta=15m32s82ms).
2025-12-29T20:32:34.093+05:30  WARN 13892 --- [Ecom] [l-1 housekeeper] com.zaxxer.hikari.pool.HikariPool        : HikariPool-1 - Thread starvation or clock leap detected (housekeeper delta=2m58s687ms).
2025-12-29T21:03:34.959+05:30  WARN 13892 --- [Ecom] [l-1 housekeeper] com.zaxxer.hikari.pool.HikariPool        : HikariPool-1 - Thread starvation or clock leap detected (housekeeper delta=15m30s732ms).
2025-12-29T21:19:05.868+05:30  WARN 13892 --- [Ecom] [l-1 housekeeper] com.zaxxer.hikari.pool.HikariPool        : HikariPool-1 - Thread starvation or clock leap detected (housekeeper delta=15m30s910ms).
2025-12-29T21:34:37.111+05:30  WARN 13892 --- [Ecom] [l-1 housekeeper] com.zaxxer.hikari.pool.HikariPool        : HikariPool-1 - Thread starvation or clock leap detected (housekeeper delta=15m31s243ms).
2025-12-29T21:50:08.315+05:30  WARN 13892 --- [Ecom] [l-1 housekeeper] com.zaxxer.hikari.pool.HikariPool        : HikariPool-1 - Thread starvation or clock leap detected (housekeeper delta=15m31s204ms).
2025-12-29T22:05:40.050+05:30  WARN 13892 --- [Ecom] [l-1 housekeeper] com.zaxxer.hikari.pool.HikariPool        : HikariPool-1 - Thread starvation or clock leap detected (housekeeper delta=15m31s735ms).
2025-12-29T22:21:11.325+05:30  WARN 13892 --- [Ecom] [l-1 housekeeper] com.zaxxer.hikari.pool.HikariPool        : HikariPool-1 - Thread starvation or clock leap detected (housekeeper delta=15m31s275ms).
2025-12-29T22:36:42.560+05:30  WARN 13892 --- [Ecom] [l-1 housekeeper] com.zaxxer.hikari.pool.HikariPool        : HikariPool-1 - Thread starvation or clock leap detected (housekeeper delta=15m31s235ms).
2025-12-29T22:49:33.712+05:30  WARN 13892 --- [Ecom] [l-1 housekeeper] com.zaxxer.hikari.pool.HikariPool        : HikariPool-1 - Thread starvation or clock leap detected (housekeeper delta=12m51s152ms).
2025-12-29T23:05:04.933+05:30  WARN 13892 --- [Ecom] [l-1 housekeeper] com.zaxxer.hikari.pool.HikariPool        : HikariPool-1 - Thread starvation or clock leap detected (housekeeper delta=15m31s221ms).
2025-12-29T23:20:35.385+05:30  WARN 13892 --- [Ecom] [l-1 housekeeper] com.zaxxer.hikari.pool.HikariPool        : HikariPool-1 - Thread starvation or clock leap detected (housekeeper delta=15m30s452ms).
2025-12-29T23:50:25.669+05:30  WARN 13892 --- [Ecom] [l-1 housekeeper] com.zaxxer.hikari.pool.HikariPool        : HikariPool-1 - Thread starvation or clock leap detected (housekeeper delta=29m50s284ms).
2025-12-30T00:05:56.892+05:30  WARN 13892 --- [Ecom] [l-1 housekeeper] com.zaxxer.hikari.pool.HikariPool        : HikariPool-1 - Thread starvation or clock leap detected (housekeeper delta=15m31s223ms).
2025-12-30T00:21:32.087+05:30  WARN 13892 --- [Ecom] [l-1 housekeeper] com.zaxxer.hikari.pool.HikariPool        : HikariPool-1 - Thread starvation or clock leap detected (housekeeper delta=15m35s195ms).
2025-12-30T00:37:04.983+05:30  WARN 13892 --- [Ecom] [l-1 housekeeper] com.zaxxer.hikari.pool.HikariPool        : HikariPool-1 - Thread starvation or clock leap detected (housekeeper delta=15m32s896ms).
2025-12-30T00:51:38.962+05:30  WARN 13892 --- [Ecom] [l-1 housekeeper] com.zaxxer.hikari.pool.HikariPool        : HikariPool-1 - Thread starvation or clock leap detected (housekeeper delta=14m33s979ms).
2025-12-30T01:07:12.743+05:30  WARN 13892 --- [Ecom] [l-1 housekeeper] com.zaxxer.hikari.pool.HikariPool        : HikariPool-1 - Thread starvation or clock leap detected (housekeeper delta=15m33s781ms).
2025-12-30T01:22:42.991+05:30  WARN 13892 --- [Ecom] [l-1 housekeeper] com.zaxxer.hikari.pool.HikariPool        : HikariPool-1 - Thread starvation or clock leap detected (housekeeper delta=15m30s247ms).
2025-12-30T01:38:16.336+05:30  WARN 13892 --- [Ecom] [l-1 housekeeper] com.zaxxer.hikari.pool.HikariPool        : HikariPool-1 - Thread starvation or clock leap detected (housekeeper delta=15m33s346ms).
2025-12-30T01:52:52.181+05:30  WARN 13892 --- [Ecom] [l-1 housekeeper] com.zaxxer.hikari.pool.HikariPool        : HikariPool-1 - Thread starvation or clock leap detected (housekeeper delta=14m35s845ms).
2025-12-30T02:08:23.373+05:30  WARN 13892 --- [Ecom] [l-1 housekeeper] com.zaxxer.hikari.pool.HikariPool        : HikariPool-1 - Thread starvation or clock leap detected (housekeeper delta=15m31s192ms).
2025-12-30T02:38:54.501+05:30  WARN 13892 --- [Ecom] [l-1 housekeeper] com.zaxxer.hikari.pool.HikariPool        : HikariPool-1 - Thread starvation or clock leap detected (housekeeper delta=30m31s128ms).
2025-12-30T02:54:27.841+05:30  WARN 13892 --- [Ecom] [l-1 housekeeper] com.zaxxer.hikari.pool.HikariPool        : HikariPool-1 - Thread starvation or clock leap detected (housekeeper delta=15m33s340ms).
2025-12-30T03:10:00.591+05:30  WARN 13892 --- [Ecom] [l-1 housekeeper] com.zaxxer.hikari.pool.HikariPool        : HikariPool-1 - Thread starvation or clock leap detected (housekeeper delta=15m32s750ms).
2025-12-30T03:25:31.196+05:30  WARN 13892 --- [Ecom] [l-1 housekeeper] com.zaxxer.hikari.pool.HikariPool        : HikariPool-1 - Thread starvation or clock leap detected (housekeeper delta=15m30s604ms).
2025-12-30T03:41:01.477+05:30  WARN 13892 --- [Ecom] [l-1 housekeeper] com.zaxxer.hikari.pool.HikariPool        : HikariPool-1 - Thread starvation or clock leap detected (housekeeper delta=15m30s282ms).
2025-12-30T03:56:32.975+05:30  WARN 13892 --- [Ecom] [l-1 housekeeper] com.zaxxer.hikari.pool.HikariPool        : HikariPool-1 - Thread starvation or clock leap detected (housekeeper delta=15m31s498ms).
2025-12-30T04:12:03.623+05:30  WARN 13892 --- [Ecom] [l-1 housekeeper] com.zaxxer.hikari.pool.HikariPool        : HikariPool-1 - Thread starvation or clock leap detected (housekeeper delta=15m30s648ms).
2025-12-30T04:27:35.015+05:30  WARN 13892 --- [Ecom] [l-1 housekeeper] com.zaxxer.hikari.pool.HikariPool        : HikariPool-1 - Thread starvation or clock leap detected (housekeeper delta=15m31s392ms).
2025-12-30T04:43:05.663+05:30  WARN 13892 --- [Ecom] [l-1 housekeeper] com.zaxxer.hikari.pool.HikariPool        : HikariPool-1 - Thread starvation or clock leap detected (housekeeper delta=15m30s648ms).
2025-12-30T04:58:36.335+05:30  WARN 13892 --- [Ecom] [l-1 housekeeper] com.zaxxer.hikari.pool.HikariPool        : HikariPool-1 - Thread starvation or clock leap detected (housekeeper delta=15m30s672ms).
2025-12-30T05:14:07.720+05:30  WARN 13892 --- [Ecom] [l-1 housekeeper] com.zaxxer.hikari.pool.HikariPool        : HikariPool-1 - Thread starvation or clock leap detected (housekeeper delta=15m31s385ms).
2025-12-30T05:35:43.279+05:30  WARN 13892 --- [Ecom] [l-1 housekeeper] com.zaxxer.hikari.pool.HikariPool        : HikariPool-1 - Thread starvation or clock leap detected (housekeeper delta=21m35s559ms).
2025-12-30T05:51:14.320+05:30  WARN 13892 --- [Ecom] [l-1 housekeeper] com.zaxxer.hikari.pool.HikariPool        : HikariPool-1 - Thread starvation or clock leap detected (housekeeper delta=15m31s41ms).
2025-12-30T06:16:15.424+05:30  WARN 13892 --- [Ecom] [l-1 housekeeper] com.zaxxer.hikari.pool.HikariPool        : HikariPool-1 - Thread starvation or clock leap detected (housekeeper delta=25m1s104ms).
2025-12-30T06:31:48.758+05:30  WARN 13892 --- [Ecom] [l-1 housekeeper] com.zaxxer.hikari.pool.HikariPool        : HikariPool-1 - Thread starvation or clock leap detected (housekeeper delta=15m33s334ms).
2025-12-30T06:47:20.848+05:30  WARN 13892 --- [Ecom] [l-1 housekeeper] com.zaxxer.hikari.pool.HikariPool        : HikariPool-1 - Thread starvation or clock leap detected (housekeeper delta=15m32s89ms).
2025-12-30T07:38:47.325+05:30  WARN 13892 --- [Ecom] [l-1 housekeeper] com.zaxxer.hikari.pool.HikariPool        : HikariPool-1 - Thread starvation or clock leap detected (housekeeper delta=51m26s478ms).
2025-12-30T08:02:18.824+05:30  WARN 13892 --- [Ecom] [l-1 housekeeper] com.zaxxer.hikari.pool.HikariPool        : HikariPool-1 - Thread starvation or clock leap detected (housekeeper delta=23m31s499ms).
2025-12-30T08:17:48.775+05:30  WARN 13892 --- [Ecom] [l-1 housekeeper] com.zaxxer.hikari.pool.HikariPool        : HikariPool-1 - Thread starvation or clock leap detected (housekeeper delta=15m29s951ms).
2025-12-30T08:48:21.088+05:30  WARN 13892 --- [Ecom] [l-1 housekeeper] com.zaxxer.hikari.pool.HikariPool        : HikariPool-1 - Thread starvation or clock leap detected (housekeeper delta=30m32s313ms).
2025-12-30T09:03:01.045+05:30  WARN 13892 --- [Ecom] [l-1 housekeeper] com.zaxxer.hikari.pool.HikariPool        : HikariPool-1 - Thread starvation or clock leap detected (housekeeper delta=14m39s957ms).
2025-12-30T09:18:32.408+05:30  WARN 13892 --- [Ecom] [l-1 housekeeper] com.zaxxer.hikari.pool.HikariPool        : HikariPool-1 - Thread starvation or clock leap detected (housekeeper delta=15m31s363ms).
2025-12-30T09:34:04.183+05:30  WARN 13892 --- [Ecom] [l-1 housekeeper] com.zaxxer.hikari.pool.HikariPool        : HikariPool-1 - Thread starvation or clock leap detected (housekeeper delta=15m31s775ms).
2025-12-30T09:49:35.606+05:30  WARN 13892 --- [Ecom] [l-1 housekeeper] com.zaxxer.hikari.pool.HikariPool        : HikariPool-1 - Thread starvation or clock leap detected (housekeeper delta=15m31s423ms).
2025-12-30T10:04:20.237+05:30  WARN 13892 --- [Ecom] [l-1 housekeeper] com.zaxxer.hikari.pool.HikariPool        : HikariPool-1 - Thread starvation or clock leap detected (housekeeper delta=14m44s631ms).
2025-12-30T10:19:51.912+05:30  WARN 13892 --- [Ecom] [l-1 housekeeper] com.zaxxer.hikari.pool.HikariPool        : HikariPool-1 - Thread starvation or clock leap detected (housekeeper delta=15m31s675ms).
2025-12-30T10:41:38.792+05:30  WARN 13892 --- [Ecom] [l-1 housekeeper] com.zaxxer.hikari.pool.HikariPool        : HikariPool-1 - Thread starvation or clock leap detected (housekeeper delta=21m46s880ms).
2025-12-30T10:57:10.135+05:30  WARN 13892 --- [Ecom] [l-1 housekeeper] com.zaxxer.hikari.pool.HikariPool        : HikariPool-1 - Thread starvation or clock leap detected (housekeeper delta=15m31s343ms).
2025-12-30T11:12:41.507+05:30  WARN 13892 --- [Ecom] [l-1 housekeeper] com.zaxxer.hikari.pool.HikariPool        : HikariPool-1 - Thread starvation or clock leap detected (housekeeper delta=15m31s372ms).
2025-12-30T11:28:13.019+05:30  WARN 13892 --- [Ecom] [l-1 housekeeper] com.zaxxer.hikari.pool.HikariPool        : HikariPool-1 - Thread starvation or clock leap detected (housekeeper delta=15m31s511ms).
2025-12-30T11:58:47.474+05:30  WARN 13892 --- [Ecom] [l-1 housekeeper] com.zaxxer.hikari.pool.HikariPool        : HikariPool-1 - Thread starvation or clock leap detected (housekeeper delta=30m34s456ms).
2025-12-30T12:14:17.693+05:30  WARN 13892 --- [Ecom] [l-1 housekeeper] com.zaxxer.hikari.pool.HikariPool        : HikariPool-1 - Thread starvation or clock leap detected (housekeeper delta=15m30s219ms).
2025-12-30T12:27:20.344+05:30  WARN 13892 --- [Ecom] [l-1 housekeeper] com.zaxxer.hikari.pool.HikariPool        : HikariPool-1 - Thread starvation or clock leap detected (housekeeper delta=13m2s651ms).
2025-12-30T12:43:21.558+05:30  WARN 13892 --- [Ecom] [l-1 housekeeper] com.zaxxer.hikari.pool.HikariPool        : HikariPool-1 - Thread starvation or clock leap detected (housekeeper delta=15m31s204ms).
2025-12-30T12:58:52.523+05:30  WARN 13892 --- [Ecom] [l-1 housekeeper] com.zaxxer.hikari.pool.HikariPool        : HikariPool-1 - Thread starvation or clock leap detected (housekeeper delta=15m30s965ms).
2025-12-30T13:05:32.990+05:30  WARN 13892 --- [Ecom] [l-1 housekeeper] com.zaxxer.hikari.pool.HikariPool        : HikariPool-1 - Thread starvation or clock leap detected (housekeeper delta=6m40s467ms).
2025-12-30T14:59:16.411+05:30  WARN 13892 --- [Ecom] [l-1 housekeeper] com.zaxxer.hikari.pool.HikariPool        : HikariPool-1 - Thread starvation or clock leap detected (housekeeper delta=10m42s545ms).
2025-12-30T16:27:17.597+05:30  WARN 13892 --- [Ecom] [l-1 housekeeper] com.zaxxer.hikari.pool.HikariPool        : HikariPool-1 - Thread starvation or clock leap detected (housekeeper delta=15m30s562ms).
2025-12-30T16:54:48.813+05:30  WARN 13892 --- [Ecom] [l-1 housekeeper] com.zaxxer.hikari.pool.HikariPool        : HikariPool-1 - Thread starvation or clock leap detected (housekeeper delta=27m31s217ms).
2025-12-30T17:31:59.153+05:30  WARN 13892 --- [Ecom] [l-1 housekeeper] com.zaxxer.hikari.pool.HikariPool        : HikariPool-1 - Thread starvation or clock leap detected (housekeeper delta=37m10s340ms).
2025-12-30T17:51:54.873+05:30  WARN 13892 --- [Ecom] [l-1 housekeeper] com.zaxxer.hikari.pool.HikariPool        : HikariPool-1 - Thread starvation or clock leap detected (housekeeper delta=19m55s720ms).
2025-12-30T18:25:03.725+05:30  WARN 13892 --- [Ecom] [l-1 housekeeper] com.zaxxer.hikari.pool.HikariPool        : HikariPool-1 - Thread starvation or clock leap detected (housekeeper delta=7m38s643ms).
2025-12-30T18:37:41.312+05:30  WARN 13892 --- [Ecom] [l-1 housekeeper] com.zaxxer.hikari.pool.HikariPool        : HikariPool-1 - Thread starvation or clock leap detected (housekeeper delta=5m7s528ms).
2025-12-30T19:25:12.859+05:30  WARN 13892 --- [Ecom] [l-1 housekeeper] com.zaxxer.hikari.pool.HikariPool        : HikariPool-1 - Thread starvation or clock leap detected (housekeeper delta=15m31s292ms).
2025-12-30T19:40:43.329+05:30  WARN 13892 --- [Ecom] [l-1 housekeeper] com.zaxxer.hikari.pool.HikariPool        : HikariPool-1 - Thread starvation or clock leap detected (housekeeper delta=15m30s471ms).
2025-12-30T19:56:15.069+05:30  WARN 13892 --- [Ecom] [l-1 housekeeper] com.zaxxer.hikari.pool.HikariPool        : HikariPool-1 - Thread starvation or clock leap detected (housekeeper delta=15m31s740ms).
2025-12-30T20:08:44.376+05:30  WARN 13892 --- [Ecom] [l-1 housekeeper] com.zaxxer.hikari.pool.HikariPool        : HikariPool-1 - Thread starvation or clock leap detected (housekeeper delta=12m29s306ms).
2025-12-30T20:36:15.903+05:30  WARN 13892 --- [Ecom] [l-1 housekeeper] com.zaxxer.hikari.pool.HikariPool        : HikariPool-1 - Thread starvation or clock leap detected (housekeeper delta=15m31s432ms).
2025-12-30T20:51:47.162+05:30  WARN 13892 --- [Ecom] [l-1 housekeeper] com.zaxxer.hikari.pool.HikariPool        : HikariPool-1 - Thread starvation or clock leap detected (housekeeper delta=15m31s259ms).
2025-12-30T21:07:18.151+05:30  WARN 13892 --- [Ecom] [l-1 housekeeper] com.zaxxer.hikari.pool.HikariPool        : HikariPool-1 - Thread starvation or clock leap detected (housekeeper delta=15m30s988ms).
2025-12-30T21:22:48.881+05:30  WARN 13892 --- [Ecom] [l-1 housekeeper] com.zaxxer.hikari.pool.HikariPool        : HikariPool-1 - Thread starvation or clock leap detected (housekeeper delta=15m30s731ms).
2025-12-30T21:38:20.656+05:30  WARN 13892 --- [Ecom] [l-1 housekeeper] com.zaxxer.hikari.pool.HikariPool        : HikariPool-1 - Thread starvation or clock leap detected (housekeeper delta=15m31s775ms).
2025-12-30T22:08:53.325+05:30  WARN 13892 --- [Ecom] [l-1 housekeeper] com.zaxxer.hikari.pool.HikariPool        : HikariPool-1 - Thread starvation or clock leap detected (housekeeper delta=30m32s669ms).
2025-12-30T22:22:02.503+05:30  WARN 13892 --- [Ecom] [l-1 housekeeper] com.zaxxer.hikari.pool.HikariPool        : HikariPool-1 - Thread starvation or clock leap detected (housekeeper delta=13m9s178ms).
2025-12-30T22:37:33.997+05:30  WARN 13892 --- [Ecom] [l-1 housekeeper] com.zaxxer.hikari.pool.HikariPool        : HikariPool-1 - Thread starvation or clock leap detected (housekeeper delta=15m31s494ms).
2025-12-30T22:53:05.171+05:30  WARN 13892 --- [Ecom] [l-1 housekeeper] com.zaxxer.hikari.pool.HikariPool        : HikariPool-1 - Thread starvation or clock leap detected (housekeeper delta=15m31s174ms).
2025-12-30T23:16:00.504+05:30  WARN 13892 --- [Ecom] [l-1 housekeeper] com.zaxxer.hikari.pool.HikariPool        : HikariPool-1 - Thread starvation or clock leap detected (housekeeper delta=22m55s333ms).
2025-12-30T23:38:15.523+05:30  WARN 13892 --- [Ecom] [l-1 housekeeper] com.zaxxer.hikari.pool.HikariPool        : HikariPool-1 - Thread starvation or clock leap detected (housekeeper delta=22m15s18ms).
2025-12-30T23:53:46.518+05:30  WARN 13892 --- [Ecom] [l-1 housekeeper] com.zaxxer.hikari.pool.HikariPool        : HikariPool-1 - Thread starvation or clock leap detected (housekeeper delta=15m30s996ms).
2025-12-31T00:09:17.757+05:30  WARN 13892 --- [Ecom] [l-1 housekeeper] com.zaxxer.hikari.pool.HikariPool        : HikariPool-1 - Thread starvation or clock leap detected (housekeeper delta=15m31s239ms).
2025-12-31T00:24:13.771+05:30  WARN 13892 --- [Ecom] [l-1 housekeeper] com.zaxxer.hikari.pool.HikariPool        : HikariPool-1 - Thread starvation or clock leap detected (housekeeper delta=14m56s14ms).
2025-12-31T00:39:43.877+05:30  WARN 13892 --- [Ecom] [l-1 housekeeper] com.zaxxer.hikari.pool.HikariPool        : HikariPool-1 - Thread starvation or clock leap detected (housekeeper delta=15m30s106ms).
2025-12-31T00:55:14.258+05:30  WARN 13892 --- [Ecom] [l-1 housekeeper] com.zaxxer.hikari.pool.HikariPool        : HikariPool-1 - Thread starvation or clock leap detected (housekeeper delta=15m30s381ms).
2025-12-31T01:24:56.490+05:30  WARN 13892 --- [Ecom] [l-1 housekeeper] com.zaxxer.hikari.pool.HikariPool        : HikariPool-1 - Thread starvation or clock leap detected (housekeeper delta=29m42s232ms).
2025-12-31T01:40:29.599+05:30  WARN 13892 --- [Ecom] [l-1 housekeeper] com.zaxxer.hikari.pool.HikariPool        : HikariPool-1 - Thread starvation or clock leap detected (housekeeper delta=15m33s109ms).
2025-12-31T01:56:00.857+05:30  WARN 13892 --- [Ecom] [l-1 housekeeper] com.zaxxer.hikari.pool.HikariPool        : HikariPool-1 - Thread starvation or clock leap detected (housekeeper delta=15m31s258ms).
2025-12-31T02:11:32.147+05:30  WARN 13892 --- [Ecom] [l-1 housekeeper] com.zaxxer.hikari.pool.HikariPool        : HikariPool-1 - Thread starvation or clock leap detected (housekeeper delta=15m31s290ms).
2025-12-31T02:27:03.546+05:30  WARN 13892 --- [Ecom] [l-1 housekeeper] com.zaxxer.hikari.pool.HikariPool        : HikariPool-1 - Thread starvation or clock leap detected (housekeeper delta=15m31s399ms).
2025-12-31T02:42:35.275+05:30  WARN 13892 --- [Ecom] [l-1 housekeeper] com.zaxxer.hikari.pool.HikariPool        : HikariPool-1 - Thread starvation or clock leap detected (housekeeper delta=15m31s729ms).
2025-12-31T02:58:07.009+05:30  WARN 13892 --- [Ecom] [l-1 housekeeper] com.zaxxer.hikari.pool.HikariPool        : HikariPool-1 - Thread starvation or clock leap detected (housekeeper delta=15m31s734ms).
2025-12-31T03:13:38.839+05:30  WARN 13892 --- [Ecom] [l-1 housekeeper] com.zaxxer.hikari.pool.HikariPool        : HikariPool-1 - Thread starvation or clock leap detected (housekeeper delta=15m31s829ms).
2025-12-31T03:29:10.251+05:30  WARN 13892 --- [Ecom] [l-1 housekeeper] com.zaxxer.hikari.pool.HikariPool        : HikariPool-1 - Thread starvation or clock leap detected (housekeeper delta=15m31s412ms).
2025-12-31T03:59:46.121+05:30  WARN 13892 --- [Ecom] [l-1 housekeeper] com.zaxxer.hikari.pool.HikariPool        : HikariPool-1 - Thread starvation or clock leap detected (housekeeper delta=30m35s871ms).
2025-12-31T04:15:16.082+05:30  WARN 13892 --- [Ecom] [l-1 housekeeper] com.zaxxer.hikari.pool.HikariPool        : HikariPool-1 - Thread starvation or clock leap detected (housekeeper delta=15m29s961ms).
2025-12-31T04:30:47.668+05:30  WARN 13892 --- [Ecom] [l-1 housekeeper] com.zaxxer.hikari.pool.HikariPool        : HikariPool-1 - Thread starvation or clock leap detected (housekeeper delta=15m31s586ms).
2025-12-31T04:46:17.722+05:30  WARN 13892 --- [Ecom] [l-1 housekeeper] com.zaxxer.hikari.pool.HikariPool        : HikariPool-1 - Thread starvation or clock leap detected (housekeeper delta=15m30s54ms).
2025-12-31T05:01:49.600+05:30  WARN 13892 --- [Ecom] [l-1 housekeeper] com.zaxxer.hikari.pool.HikariPool        : HikariPool-1 - Thread starvation or clock leap detected (housekeeper delta=15m31s878ms).
2025-12-31T05:32:24.217+05:30  WARN 13892 --- [Ecom] [l-1 housekeeper] com.zaxxer.hikari.pool.HikariPool        : HikariPool-1 - Thread starvation or clock leap detected (housekeeper delta=30m34s617ms).
2025-12-31T05:47:55.982+05:30  WARN 13892 --- [Ecom] [l-1 housekeeper] com.zaxxer.hikari.pool.HikariPool        : HikariPool-1 - Thread starvation or clock leap detected (housekeeper delta=15m31s765ms).
2025-12-31T06:01:05.109+05:30  WARN 13892 --- [Ecom] [l-1 housekeeper] com.zaxxer.hikari.pool.HikariPool        : HikariPool-1 - Thread starvation or clock leap detected (housekeeper delta=13m9s127ms).
2025-12-31T06:16:36.508+05:30  WARN 13892 --- [Ecom] [l-1 housekeeper] com.zaxxer.hikari.pool.HikariPool        : HikariPool-1 - Thread starvation or clock leap detected (housekeeper delta=15m31s399ms).
2025-12-31T06:32:09.024+05:30  WARN 13892 --- [Ecom] [l-1 housekeeper] com.zaxxer.hikari.pool.HikariPool        : HikariPool-1 - Thread starvation or clock leap detected (housekeeper delta=15m32s516ms).
2025-12-31T06:47:40.298+05:30  WARN 13892 --- [Ecom] [l-1 housekeeper] com.zaxxer.hikari.pool.HikariPool        : HikariPool-1 - Thread starvation or clock leap detected (housekeeper delta=15m31s274ms).
2025-12-31T07:03:12.258+05:30  WARN 13892 --- [Ecom] [l-1 housekeeper] com.zaxxer.hikari.pool.HikariPool        : HikariPool-1 - Thread starvation or clock leap detected (housekeeper delta=15m31s958ms).
2025-12-31T07:18:43.498+05:30  WARN 13892 --- [Ecom] [l-1 housekeeper] com.zaxxer.hikari.pool.HikariPool        : HikariPool-1 - Thread starvation or clock leap detected (housekeeper delta=15m31s242ms).
2025-12-31T07:44:22.323+05:30  WARN 13892 --- [Ecom] [l-1 housekeeper] com.zaxxer.hikari.pool.HikariPool        : HikariPool-1 - Thread starvation or clock leap detected (housekeeper delta=25m38s825ms).
2025-12-31T07:59:53.367+05:30  WARN 13892 --- [Ecom] [l-1 housekeeper] com.zaxxer.hikari.pool.HikariPool        : HikariPool-1 - Thread starvation or clock leap detected (housekeeper delta=15m31s44ms).
2025-12-31T08:17:15.130+05:30  WARN 13892 --- [Ecom] [l-1 housekeeper] com.zaxxer.hikari.pool.HikariPool        : HikariPool-1 - Thread starvation or clock leap detected (housekeeper delta=17m21s763ms).
2025-12-31T08:32:45.223+05:30  WARN 13892 --- [Ecom] [l-1 housekeeper] com.zaxxer.hikari.pool.HikariPool        : HikariPool-1 - Thread starvation or clock leap detected (housekeeper delta=15m30s93ms).
2025-12-31T09:36:47.429+05:30  WARN 13892 --- [Ecom] [l-1 housekeeper] com.zaxxer.hikari.pool.HikariPool        : HikariPool-1 - Thread starvation or clock leap detected (housekeeper delta=15m31s28ms).
2025-12-31T09:46:15.877+05:30  WARN 13892 --- [Ecom] [l-1 housekeeper] com.zaxxer.hikari.pool.HikariPool        : HikariPool-1 - Thread starvation or clock leap detected (housekeeper delta=9m28s449ms).
2025-12-31T10:54:51.308+05:30  WARN 13892 --- [Ecom] [l-1 housekeeper] com.zaxxer.hikari.pool.HikariPool        : HikariPool-1 - Thread starvation or clock leap detected (housekeeper delta=30m35s140ms).
2025-12-31T11:10:21.861+05:30  WARN 13892 --- [Ecom] [l-1 housekeeper] com.zaxxer.hikari.pool.HikariPool        : HikariPool-1 - Thread starvation or clock leap detected (housekeeper delta=15m30s553ms).
2025-12-31T11:24:46.756+05:30  WARN 13892 --- [Ecom] [l-1 housekeeper] com.zaxxer.hikari.pool.HikariPool        : HikariPool-1 - Thread starvation or clock leap detected (housekeeper delta=14m24s895ms).
2025-12-31T12:20:47.924+05:30  WARN 13892 --- [Ecom] [l-1 housekeeper] com.zaxxer.hikari.pool.HikariPool        : HikariPool-1 - Thread starvation or clock leap detected (housekeeper delta=15m30s867ms).
2025-12-31T12:47:25.901+05:30  WARN 13892 --- [Ecom] [l-1 housekeeper] com.zaxxer.hikari.pool.HikariPool        : HikariPool-1 - Thread starvation or clock leap detected (housekeeper delta=26m37s978ms).
2025-12-31T14:03:41.076+05:30  WARN 13892 --- [Ecom] [l-1 housekeeper] com.zaxxer.hikari.pool.HikariPool        : HikariPool-1 - Thread starvation or clock leap detected (housekeeper delta=15m30s55ms).
2025-12-31T14:19:41.337+05:30  WARN 13892 --- [Ecom] [l-1 housekeeper] com.zaxxer.hikari.pool.HikariPool        : HikariPool-1 - Thread starvation or clock leap detected (housekeeper delta=15m30s258ms).
2025-12-31T14:35:41.437+05:30  WARN 13892 --- [Ecom] [l-1 housekeeper] com.zaxxer.hikari.pool.HikariPool        : HikariPool-1 - Thread starvation or clock leap detected (housekeeper delta=15m30s88ms).
2025-12-31T14:51:11.859+05:30  WARN 13892 --- [Ecom] [l-1 housekeeper] com.zaxxer.hikari.pool.HikariPool        : HikariPool-1 - Thread starvation or clock leap detected (housekeeper delta=15m30s421ms).
2025-12-31T15:07:12.093+05:30  WARN 13892 --- [Ecom] [l-1 housekeeper] com.zaxxer.hikari.pool.HikariPool        : HikariPool-1 - Thread starvation or clock leap detected (housekeeper delta=15m30s223ms).
2025-12-31T15:23:42.898+05:30  WARN 13892 --- [Ecom] [l-1 housekeeper] com.zaxxer.hikari.pool.HikariPool        : HikariPool-1 - Thread starvation or clock leap detected (housekeeper delta=15m30s783ms).
2025-12-31T15:39:43.181+05:30  WARN 13892 --- [Ecom] [l-1 housekeeper] com.zaxxer.hikari.pool.HikariPool        : HikariPool-1 - Thread starvation or clock leap detected (housekeeper delta=15m30s271ms).
2025-12-31T15:42:08.047+05:30  WARN 13892 --- [Ecom] [l-1 housekeeper] com.zaxxer.hikari.pool.HikariPool        : HikariPool-1 - Thread starvation or clock leap detected (housekeeper delta=2m24s865ms).
2025-12-31T15:48:21.180+05:30  WARN 13892 --- [Ecom] [l-1 housekeeper] com.zaxxer.hikari.pool.HikariPool        : HikariPool-1 - Thread starvation or clock leap detected (housekeeper delta=5m43s128ms).
2025-12-31T16:03:51.956+05:30  WARN 13892 --- [Ecom] [l-1 housekeeper] com.zaxxer.hikari.pool.HikariPool        : HikariPool-1 - Thread starvation or clock leap detected (housekeeper delta=15m30s776ms).
2025-12-31T16:19:53.223+05:30  WARN 13892 --- [Ecom] [l-1 housekeeper] com.zaxxer.hikari.pool.HikariPool        : HikariPool-1 - Thread starvation or clock leap detected (housekeeper delta=15m31s263ms).
2025-12-31T16:35:53.904+05:30  WARN 13892 --- [Ecom] [l-1 housekeeper] com.zaxxer.hikari.pool.HikariPool        : HikariPool-1 - Thread starvation or clock leap detected (housekeeper delta=15m30s670ms).
2025-12-31T16:49:12.216+05:30  WARN 13892 --- [Ecom] [l-1 housekeeper] com.zaxxer.hikari.pool.HikariPool        : HikariPool-1 - Thread starvation or clock leap detected (housekeeper delta=11m48s290ms).
2025-12-31T17:05:12.674+05:30  WARN 13892 --- [Ecom] [l-1 housekeeper] com.zaxxer.hikari.pool.HikariPool        : HikariPool-1 - Thread starvation or clock leap detected (housekeeper delta=15m30s449ms).
2025-12-31T17:24:13.357+05:30  WARN 13892 --- [Ecom] [l-1 housekeeper] com.zaxxer.hikari.pool.HikariPool        : HikariPool-1 - Thread starvation or clock leap detected (housekeeper delta=15m30s619ms).
2025-12-31T17:40:13.433+05:30  WARN 13892 --- [Ecom] [l-1 housekeeper] com.zaxxer.hikari.pool.HikariPool        : HikariPool-1 - Thread starvation or clock leap detected (housekeeper delta=15m30s75ms).
2025-12-31T17:50:24.588+05:30  WARN 13892 --- [Ecom] [l-1 housekeeper] com.zaxxer.hikari.pool.HikariPool        : HikariPool-1 - Thread starvation or clock leap detected (housekeeper delta=9m41s147ms).
2025-12-31T18:05:54.690+05:30  WARN 13892 --- [Ecom] [l-1 housekeeper] com.zaxxer.hikari.pool.HikariPool        : HikariPool-1 - Thread starvation or clock leap detected (housekeeper delta=15m30s102ms).
2025-12-31T18:21:54.215+05:30  WARN 13892 --- [Ecom] [l-1 housekeeper] com.zaxxer.hikari.pool.HikariPool        : HikariPool-1 - Thread starvation or clock leap detected (housekeeper delta=15m29s514ms).
2025-12-31T18:37:54.275+05:30  WARN 13892 --- [Ecom] [l-1 housekeeper] com.zaxxer.hikari.pool.HikariPool        : HikariPool-1 - Thread starvation or clock leap detected (housekeeper delta=15m30s51ms).
2025-12-31T18:51:13.744+05:30  WARN 13892 --- [Ecom] [l-1 housekeeper] com.zaxxer.hikari.pool.HikariPool        : HikariPool-1 - Thread starvation or clock leap detected (housekeeper delta=12m49s458ms).
2025-12-31T19:07:13.901+05:30  WARN 13892 --- [Ecom] [l-1 housekeeper] com.zaxxer.hikari.pool.HikariPool        : HikariPool-1 - Thread starvation or clock leap detected (housekeeper delta=15m30s155ms).
2025-12-31T19:22:44.098+05:30  WARN 13892 --- [Ecom] [l-1 housekeeper] com.zaxxer.hikari.pool.HikariPool        : HikariPool-1 - Thread starvation or clock leap detected (housekeeper delta=15m30s197ms).
2025-12-31T19:38:44.170+05:30  WARN 13892 --- [Ecom] [l-1 housekeeper] com.zaxxer.hikari.pool.HikariPool        : HikariPool-1 - Thread starvation or clock leap detected (housekeeper delta=15m30s62ms).
2025-12-31T19:52:19.359+05:30  WARN 13892 --- [Ecom] [l-1 housekeeper] com.zaxxer.hikari.pool.HikariPool        : HikariPool-1 - Thread starvation or clock leap detected (housekeeper delta=13m5s179ms).
2025-12-31T20:07:49.771+05:30  WARN 13892 --- [Ecom] [l-1 housekeeper] com.zaxxer.hikari.pool.HikariPool        : HikariPool-1 - Thread starvation or clock leap detected (housekeeper delta=15m30s412ms).
2025-12-31T20:24:19.866+05:30  WARN 13892 --- [Ecom] [l-1 housekeeper] com.zaxxer.hikari.pool.HikariPool        : HikariPool-1 - Thread starvation or clock leap detected (housekeeper delta=15m30s80ms).
2025-12-31T20:40:20.274+05:30  WARN 13892 --- [Ecom] [l-1 housekeeper] com.zaxxer.hikari.pool.HikariPool        : HikariPool-1 - Thread starvation or clock leap detected (housekeeper delta=15m30s398ms).
2025-12-31T20:53:10.202+05:30  WARN 13892 --- [Ecom] [l-1 housekeeper] com.zaxxer.hikari.pool.HikariPool        : HikariPool-1 - Thread starvation or clock leap detected (housekeeper delta=12m49s928ms).
2025-12-31T21:09:10.283+05:30  WARN 13892 --- [Ecom] [l-1 housekeeper] com.zaxxer.hikari.pool.HikariPool        : HikariPool-1 - Thread starvation or clock leap detected (housekeeper delta=15m30s70ms).
2025-12-31T21:24:41.615+05:30  WARN 13892 --- [Ecom] [l-1 housekeeper] com.zaxxer.hikari.pool.HikariPool        : HikariPool-1 - Thread starvation or clock leap detected (housekeeper delta=15m31s332ms).
2025-12-31T21:54:01.769+05:30  WARN 13892 --- [Ecom] [l-1 housekeeper] com.zaxxer.hikari.pool.HikariPool        : HikariPool-1 - Thread starvation or clock leap detected (housekeeper delta=29m20s154ms).
2025-12-31T22:09:33.413+05:30  WARN 13892 --- [Ecom] [l-1 housekeeper] com.zaxxer.hikari.pool.HikariPool        : HikariPool-1 - Thread starvation or clock leap detected (housekeeper delta=15m31s644ms).
2025-12-31T22:25:03.676+05:30  WARN 13892 --- [Ecom] [l-1 housekeeper] com.zaxxer.hikari.pool.HikariPool        : HikariPool-1 - Thread starvation or clock leap detected (housekeeper delta=15m30s263ms).
2025-12-31T22:40:34.929+05:30  WARN 13892 --- [Ecom] [l-1 housekeeper] com.zaxxer.hikari.pool.HikariPool        : HikariPool-1 - Thread starvation or clock leap detected (housekeeper delta=15m31s253ms).
2025-12-31T22:55:08.540+05:30  WARN 13892 --- [Ecom] [l-1 housekeeper] com.zaxxer.hikari.pool.HikariPool        : HikariPool-1 - Thread starvation or clock leap detected (housekeeper delta=14m33s611ms).
2025-12-31T23:10:39.580+05:30  WARN 13892 --- [Ecom] [l-1 housekeeper] com.zaxxer.hikari.pool.HikariPool        : HikariPool-1 - Thread starvation or clock leap detected (housekeeper delta=15m31s40ms).
2025-12-31T23:26:10.220+05:30  WARN 13892 --- [Ecom] [l-1 housekeeper] com.zaxxer.hikari.pool.HikariPool        : HikariPool-1 - Thread starvation or clock leap detected (housekeeper delta=15m30s640ms).
2025-12-31T23:41:41.395+05:30  WARN 13892 --- [Ecom] [l-1 housekeeper] com.zaxxer.hikari.pool.HikariPool        : HikariPool-1 - Thread starvation or clock leap detected (housekeeper delta=15m31s175ms).
2025-12-31T23:55:17.092+05:30  WARN 13892 --- [Ecom] [l-1 housekeeper] com.zaxxer.hikari.pool.HikariPool        : HikariPool-1 - Thread starvation or clock leap detected (housekeeper delta=13m35s697ms).
2026-01-01T00:10:48.188+05:30  WARN 13892 --- [Ecom] [l-1 housekeeper] com.zaxxer.hikari.pool.HikariPool        : HikariPool-1 - Thread starvation or clock leap detected (housekeeper delta=15m31s96ms).
2026-01-01T00:41:20.833+05:30  WARN 13892 --- [Ecom] [l-1 housekeeper] com.zaxxer.hikari.pool.HikariPool        : HikariPool-1 - Thread starvation or clock leap detected (housekeeper delta=30m32s645ms).
2026-01-01T00:56:03.235+05:30  WARN 13892 --- [Ecom] [l-1 housekeeper] com.zaxxer.hikari.pool.HikariPool        : HikariPool-1 - Thread starvation or clock leap detected (housekeeper delta=14m42s402ms).
2026-01-01T01:11:36.460+05:30  WARN 13892 --- [Ecom] [l-1 housekeeper] com.zaxxer.hikari.pool.HikariPool        : HikariPool-1 - Thread starvation or clock leap detected (housekeeper delta=15m33s225ms).
2026-01-01T01:27:09.790+05:30  WARN 13892 --- [Ecom] [l-1 housekeeper] com.zaxxer.hikari.pool.HikariPool        : HikariPool-1 - Thread starvation or clock leap detected (housekeeper delta=15m33s330ms).
2026-01-01T01:42:41.023+05:30  WARN 13892 --- [Ecom] [l-1 housekeeper] com.zaxxer.hikari.pool.HikariPool        : HikariPool-1 - Thread starvation or clock leap detected (housekeeper delta=15m31s233ms).
2026-01-01T01:57:23.769+05:30  WARN 13892 --- [Ecom] [l-1 housekeeper] com.zaxxer.hikari.pool.HikariPool        : HikariPool-1 - Thread starvation or clock leap detected (housekeeper delta=14m42s746ms).
2026-01-01T02:12:55.054+05:30  WARN 13892 --- [Ecom] [l-1 housekeeper] com.zaxxer.hikari.pool.HikariPool        : HikariPool-1 - Thread starvation or clock leap detected (housekeeper delta=15m31s285ms).
2026-01-01T02:28:25.069+05:30  WARN 13892 --- [Ecom] [l-1 housekeeper] com.zaxxer.hikari.pool.HikariPool        : HikariPool-1 - Thread starvation or clock leap detected (housekeeper delta=15m30s15ms).
2026-01-01T02:43:55.950+05:30  WARN 13892 --- [Ecom] [l-1 housekeeper] com.zaxxer.hikari.pool.HikariPool        : HikariPool-1 - Thread starvation or clock leap detected (housekeeper delta=15m30s881ms).
2026-01-01T03:14:29.363+05:30  WARN 13892 --- [Ecom] [l-1 housekeeper] com.zaxxer.hikari.pool.HikariPool        : HikariPool-1 - Thread starvation or clock leap detected (housekeeper delta=30m33s413ms).
2026-01-01T03:30:00.846+05:30  WARN 13892 --- [Ecom] [l-1 housekeeper] com.zaxxer.hikari.pool.HikariPool        : HikariPool-1 - Thread starvation or clock leap detected (housekeeper delta=15m31s483ms).
2026-01-01T03:45:32.772+05:30  WARN 13892 --- [Ecom] [l-1 housekeeper] com.zaxxer.hikari.pool.HikariPool        : HikariPool-1 - Thread starvation or clock leap detected (housekeeper delta=15m31s926ms).
2026-01-01T04:01:04.026+05:30  WARN 13892 --- [Ecom] [l-1 housekeeper] com.zaxxer.hikari.pool.HikariPool        : HikariPool-1 - Thread starvation or clock leap detected (housekeeper delta=15m31s254ms).
2026-01-01T04:16:37.684+05:30  WARN 13892 --- [Ecom] [l-1 housekeeper] com.zaxxer.hikari.pool.HikariPool        : HikariPool-1 - Thread starvation or clock leap detected (housekeeper delta=15m33s658ms).
2026-01-01T04:32:11.331+05:30  WARN 13892 --- [Ecom] [l-1 housekeeper] com.zaxxer.hikari.pool.HikariPool        : HikariPool-1 - Thread starvation or clock leap detected (housekeeper delta=15m33s647ms).
2026-01-01T05:02:45.850+05:30  WARN 13892 --- [Ecom] [l-1 housekeeper] com.zaxxer.hikari.pool.HikariPool        : HikariPool-1 - Thread starvation or clock leap detected (housekeeper delta=30m34s519ms).
2026-01-01T05:18:16.996+05:30  WARN 13892 --- [Ecom] [l-1 housekeeper] com.zaxxer.hikari.pool.HikariPool        : HikariPool-1 - Thread starvation or clock leap detected (housekeeper delta=15m31s146ms).
2026-01-01T05:33:47.856+05:30  WARN 13892 --- [Ecom] [l-1 housekeeper] com.zaxxer.hikari.pool.HikariPool        : HikariPool-1 - Thread starvation or clock leap detected (housekeeper delta=15m30s860ms).
2026-01-01T05:49:19.100+05:30  WARN 13892 --- [Ecom] [l-1 housekeeper] com.zaxxer.hikari.pool.HikariPool        : HikariPool-1 - Thread starvation or clock leap detected (housekeeper delta=15m31s244ms).
2026-01-01T06:01:14.057+05:30  WARN 13892 --- [Ecom] [l-1 housekeeper] com.zaxxer.hikari.pool.HikariPool        : HikariPool-1 - Thread starvation or clock leap detected (housekeeper delta=11m54s957ms).
2026-01-01T06:16:44.980+05:30  WARN 13892 --- [Ecom] [l-1 housekeeper] com.zaxxer.hikari.pool.HikariPool        : HikariPool-1 - Thread starvation or clock leap detected (housekeeper delta=15m30s923ms).
2026-01-01T06:32:16.264+05:30  WARN 13892 --- [Ecom] [l-1 housekeeper] com.zaxxer.hikari.pool.HikariPool        : HikariPool-1 - Thread starvation or clock leap detected (housekeeper delta=15m31s284ms).
2026-01-01T06:47:47.314+05:30  WARN 13892 --- [Ecom] [l-1 housekeeper] com.zaxxer.hikari.pool.HikariPool        : HikariPool-1 - Thread starvation or clock leap detected (housekeeper delta=15m31s50ms).
2026-01-01T07:03:18.037+05:30  WARN 13892 --- [Ecom] [l-1 housekeeper] com.zaxxer.hikari.pool.HikariPool        : HikariPool-1 - Thread starvation or clock leap detected (housekeeper delta=15m30s723ms).
2026-01-01T07:33:50.352+05:30  WARN 13892 --- [Ecom] [l-1 housekeeper] com.zaxxer.hikari.pool.HikariPool        : HikariPool-1 - Thread starvation or clock leap detected (housekeeper delta=30m32s315ms).
2026-01-01T07:49:21.596+05:30  WARN 13892 --- [Ecom] [l-1 housekeeper] com.zaxxer.hikari.pool.HikariPool        : HikariPool-1 - Thread starvation or clock leap detected (housekeeper delta=15m31s244ms).
2026-01-01T08:02:12.919+05:30  WARN 13892 --- [Ecom] [l-1 housekeeper] com.zaxxer.hikari.pool.HikariPool        : HikariPool-1 - Thread starvation or clock leap detected (housekeeper delta=12m51s323ms).
2026-01-01T08:23:21.817+05:30  WARN 13892 --- [Ecom] [l-1 housekeeper] com.zaxxer.hikari.pool.HikariPool        : HikariPool-1 - Thread starvation or clock leap detected (housekeeper delta=21m8s898ms).
2026-01-01T08:38:51.953+05:30  WARN 13892 --- [Ecom] [l-1 housekeeper] com.zaxxer.hikari.pool.HikariPool        : HikariPool-1 - Thread starvation or clock leap detected (housekeeper delta=15m30s136ms).
2026-01-01T08:54:22.949+05:30  WARN 13892 --- [Ecom] [l-1 housekeeper] com.zaxxer.hikari.pool.HikariPool        : HikariPool-1 - Thread starvation or clock leap detected (housekeeper delta=15m30s996ms).
2026-01-01T09:18:18.698+05:30  WARN 13892 --- [Ecom] [l-1 housekeeper] com.zaxxer.hikari.pool.HikariPool        : HikariPool-1 - Thread starvation or clock leap detected (housekeeper delta=23m55s749ms).
2026-01-01T09:33:48.362+05:30  WARN 13892 --- [Ecom] [l-1 housekeeper] com.zaxxer.hikari.pool.HikariPool        : HikariPool-1 - Thread starvation or clock leap detected (housekeeper delta=15m29s664ms).
2026-01-01T09:49:20.481+05:30  WARN 13892 --- [Ecom] [l-1 housekeeper] com.zaxxer.hikari.pool.HikariPool        : HikariPool-1 - Thread starvation or clock leap detected (housekeeper delta=15m32s119ms).
2026-01-01T10:04:24.760+05:30  WARN 13892 --- [Ecom] [l-1 housekeeper] com.zaxxer.hikari.pool.HikariPool        : HikariPool-1 - Thread starvation or clock leap detected (housekeeper delta=15m4s279ms).
2026-01-01T10:35:00.009+05:30  WARN 13892 --- [Ecom] [l-1 housekeeper] com.zaxxer.hikari.pool.HikariPool        : HikariPool-1 - Thread starvation or clock leap detected (housekeeper delta=30m35s249ms).
2026-01-01T10:50:31.280+05:30  WARN 13892 --- [Ecom] [l-1 housekeeper] com.zaxxer.hikari.pool.HikariPool        : HikariPool-1 - Thread starvation or clock leap detected (housekeeper delta=15m31s271ms).
2026-01-01T11:05:14.789+05:30  WARN 13892 --- [Ecom] [l-1 housekeeper] com.zaxxer.hikari.pool.HikariPool        : HikariPool-1 - Thread starvation or clock leap detected (housekeeper delta=14m43s509ms).
2026-01-01T11:20:44.983+05:30  WARN 13892 --- [Ecom] [l-1 housekeeper] com.zaxxer.hikari.pool.HikariPool        : HikariPool-1 - Thread starvation or clock leap detected (housekeeper delta=15m30s194ms).
2026-01-01T11:36:15.970+05:30  WARN 13892 --- [Ecom] [l-1 housekeeper] com.zaxxer.hikari.pool.HikariPool        : HikariPool-1 - Thread starvation or clock leap detected (housekeeper delta=15m30s987ms).
2026-01-01T11:51:49.553+05:30  WARN 13892 --- [Ecom] [l-1 housekeeper] com.zaxxer.hikari.pool.HikariPool        : HikariPool-1 - Thread starvation or clock leap detected (housekeeper delta=15m33s583ms).
2026-01-01T12:06:20.726+05:30  WARN 13892 --- [Ecom] [l-1 housekeeper] com.zaxxer.hikari.pool.HikariPool        : HikariPool-1 - Thread starvation or clock leap detected (housekeeper delta=14m31s173ms).
2026-01-01T12:36:53.295+05:30  WARN 13892 --- [Ecom] [l-1 housekeeper] com.zaxxer.hikari.pool.HikariPool        : HikariPool-1 - Thread starvation or clock leap detected (housekeeper delta=30m32s569ms).
2026-01-01T12:52:23.816+05:30  WARN 13892 --- [Ecom] [l-1 housekeeper] com.zaxxer.hikari.pool.HikariPool        : HikariPool-1 - Thread starvation or clock leap detected (housekeeper delta=15m30s521ms).
2026-01-01T13:07:05.307+05:30  WARN 13892 --- [Ecom] [l-1 housekeeper] com.zaxxer.hikari.pool.HikariPool        : HikariPool-1 - Thread starvation or clock leap detected (housekeeper delta=14m41s491ms).
2026-01-01T13:22:36.696+05:30  WARN 13892 --- [Ecom] [l-1 housekeeper] com.zaxxer.hikari.pool.HikariPool        : HikariPool-1 - Thread starvation or clock leap detected (housekeeper delta=15m31s389ms).
2026-01-01T13:38:08.406+05:30  WARN 13892 --- [Ecom] [l-1 housekeeper] com.zaxxer.hikari.pool.HikariPool        : HikariPool-1 - Thread starvation or clock leap detected (housekeeper delta=15m31s710ms).
2026-01-01T14:02:13.544+05:30  WARN 13892 --- [Ecom] [l-1 housekeeper] com.zaxxer.hikari.pool.HikariPool        : HikariPool-1 - Thread starvation or clock leap detected (housekeeper delta=24m5s138ms).
2026-01-01T14:23:13.964+05:30  WARN 13892 --- [Ecom] [l-1 housekeeper] com.zaxxer.hikari.pool.HikariPool        : HikariPool-1 - Thread starvation or clock leap detected (housekeeper delta=21m420ms).
2026-01-01T14:38:45.663+05:30  WARN 13892 --- [Ecom] [l-1 housekeeper] com.zaxxer.hikari.pool.HikariPool        : HikariPool-1 - Thread starvation or clock leap detected (housekeeper delta=15m31s699ms).
2026-01-01T14:54:17.043+05:30  WARN 13892 --- [Ecom] [l-1 housekeeper] com.zaxxer.hikari.pool.HikariPool        : HikariPool-1 - Thread starvation or clock leap detected (housekeeper delta=15m31s380ms).
2026-01-01T15:09:17.674+05:30  WARN 13892 --- [Ecom] [l-1 housekeeper] com.zaxxer.hikari.pool.HikariPool        : HikariPool-1 - Thread starvation or clock leap detected (housekeeper delta=15m630ms).
2026-01-01T15:24:48.615+05:30  WARN 13892 --- [Ecom] [l-1 housekeeper] com.zaxxer.hikari.pool.HikariPool        : HikariPool-1 - Thread starvation or clock leap detected (housekeeper delta=15m30s942ms).
2026-01-01T15:40:21.959+05:30  WARN 13892 --- [Ecom] [l-1 housekeeper] com.zaxxer.hikari.pool.HikariPool        : HikariPool-1 - Thread starvation or clock leap detected (housekeeper delta=15m33s344ms).
2026-01-01T16:10:02.769+05:30  WARN 13892 --- [Ecom] [l-1 housekeeper] com.zaxxer.hikari.pool.HikariPool        : HikariPool-1 - Thread starvation or clock leap detected (housekeeper delta=29m40s810ms).
2026-01-01T16:36:10.496+05:30  WARN 13892 --- [Ecom] [l-1 housekeeper] com.zaxxer.hikari.pool.HikariPool        : HikariPool-1 - Thread starvation or clock leap detected (housekeeper delta=26m7s727ms).
2026-01-01T16:52:11.745+05:30  WARN 13892 --- [Ecom] [l-1 housekeeper] com.zaxxer.hikari.pool.HikariPool        : HikariPool-1 - Thread starvation or clock leap detected (housekeeper delta=15m31s240ms).
2026-01-01T17:07:43.572+05:30  WARN 13892 --- [Ecom] [l-1 housekeeper] com.zaxxer.hikari.pool.HikariPool        : HikariPool-1 - Thread starvation or clock leap detected (housekeeper delta=15m31s827ms).
2026-01-01T17:26:20.956+05:30  WARN 13892 --- [Ecom] [l-1 housekeeper] com.zaxxer.hikari.pool.HikariPool        : HikariPool-1 - Thread starvation or clock leap detected (housekeeper delta=18m37s384ms).
2026-01-01T17:41:51.795+05:30  WARN 13892 --- [Ecom] [l-1 housekeeper] com.zaxxer.hikari.pool.HikariPool        : HikariPool-1 - Thread starvation or clock leap detected (housekeeper delta=15m30s839ms).
2026-01-01T17:57:25.076+05:30  WARN 13892 --- [Ecom] [l-1 housekeeper] com.zaxxer.hikari.pool.HikariPool        : HikariPool-1 - Thread starvation or clock leap detected (housekeeper delta=15m33s281ms).
2026-01-01T18:12:19.537+05:30  WARN 13892 --- [Ecom] [l-1 housekeeper] com.zaxxer.hikari.pool.HikariPool        : HikariPool-1 - Thread starvation or clock leap detected (housekeeper delta=14m54s460ms).
2026-01-01T18:27:50.604+05:30  WARN 13892 --- [Ecom] [l-1 housekeeper] com.zaxxer.hikari.pool.HikariPool        : HikariPool-1 - Thread starvation or clock leap detected (housekeeper delta=15m31s68ms).
2026-01-01T18:43:21.851+05:30  WARN 13892 --- [Ecom] [l-1 housekeeper] com.zaxxer.hikari.pool.HikariPool        : HikariPool-1 - Thread starvation or clock leap detected (housekeeper delta=15m31s247ms).
2026-01-01T18:51:05.480+05:30  WARN 13892 --- [Ecom] [l-1 housekeeper] com.zaxxer.hikari.pool.HikariPool        : HikariPool-1 - Thread starvation or clock leap detected (housekeeper delta=7m43s629ms).
2026-01-01T20:03:37.164+05:30  WARN 13892 --- [Ecom] [l-1 housekeeper] com.zaxxer.hikari.pool.HikariPool        : HikariPool-1 - Thread starvation or clock leap detected (housekeeper delta=15m31s242ms).
2026-01-01T20:19:06.553+05:30  WARN 13892 --- [Ecom] [l-1 housekeeper] com.zaxxer.hikari.pool.HikariPool        : HikariPool-1 - Thread starvation or clock leap detected (housekeeper delta=15m29s389ms).
2026-01-01T20:34:37.160+05:30  WARN 13892 --- [Ecom] [l-1 housekeeper] com.zaxxer.hikari.pool.HikariPool        : HikariPool-1 - Thread starvation or clock leap detected (housekeeper delta=15m30s607ms).
2026-01-01T20:50:08.467+05:30  WARN 13892 --- [Ecom] [l-1 housekeeper] com.zaxxer.hikari.pool.HikariPool        : HikariPool-1 - Thread starvation or clock leap detected (housekeeper delta=15m31s307ms).
2026-01-01T21:05:39.849+05:30  WARN 13892 --- [Ecom] [l-1 housekeeper] com.zaxxer.hikari.pool.HikariPool        : HikariPool-1 - Thread starvation or clock leap detected (housekeeper delta=15m31s382ms).
2026-01-01T21:21:11.239+05:30  WARN 13892 --- [Ecom] [l-1 housekeeper] com.zaxxer.hikari.pool.HikariPool        : HikariPool-1 - Thread starvation or clock leap detected (housekeeper delta=15m31s390ms).
2026-01-01T21:36:41.871+05:30  WARN 13892 --- [Ecom] [l-1 housekeeper] com.zaxxer.hikari.pool.HikariPool        : HikariPool-1 - Thread starvation or clock leap detected (housekeeper delta=15m30s631ms).
2026-01-01T21:42:08.606+05:30  WARN 13892 --- [Ecom] [l-1 housekeeper] com.zaxxer.hikari.pool.HikariPool        : HikariPool-1 - Thread starvation or clock leap detected (housekeeper delta=5m26s736ms).
2026-01-02T00:12:42.490+05:30  WARN 13892 --- [Ecom] [l-1 housekeeper] com.zaxxer.hikari.pool.HikariPool        : HikariPool-1 - Thread starvation or clock leap detected (housekeeper delta=30m32s461ms).
2026-01-02T00:28:13.737+05:30  WARN 13892 --- [Ecom] [l-1 housekeeper] com.zaxxer.hikari.pool.HikariPool        : HikariPool-1 - Thread starvation or clock leap detected (housekeeper delta=15m31s247ms).
2026-01-02T00:34:19.228+05:30  WARN 13892 --- [Ecom] [l-1 housekeeper] com.zaxxer.hikari.pool.HikariPool        : HikariPool-1 - Thread starvation or clock leap detected (housekeeper delta=5m35s511ms).
2026-01-02T00:49:50.624+05:30  WARN 13892 --- [Ecom] [l-1 housekeeper] com.zaxxer.hikari.pool.HikariPool        : HikariPool-1 - Thread starvation or clock leap detected (housekeeper delta=15m31s396ms).
2026-01-02T01:05:22.519+05:30  WARN 13892 --- [Ecom] [l-1 housekeeper] com.zaxxer.hikari.pool.HikariPool        : HikariPool-1 - Thread starvation or clock leap detected (housekeeper delta=15m31s895ms).
2026-01-02T01:20:54.473+05:30  WARN 13892 --- [Ecom] [l-1 housekeeper] com.zaxxer.hikari.pool.HikariPool        : HikariPool-1 - Thread starvation or clock leap detected (housekeeper delta=15m31s954ms).
2026-01-02T01:36:25.875+05:30  WARN 13892 --- [Ecom] [l-1 housekeeper] com.zaxxer.hikari.pool.HikariPool        : HikariPool-1 - Thread starvation or clock leap detected (housekeeper delta=15m31s402ms).
2026-01-02T01:58:25.936+05:30  WARN 13892 --- [Ecom] [l-1 housekeeper] com.zaxxer.hikari.pool.HikariPool        : HikariPool-1 - Thread starvation or clock leap detected (housekeeper delta=22m61ms).
2026-01-02T02:13:57.317+05:30  WARN 13892 --- [Ecom] [l-1 housekeeper] com.zaxxer.hikari.pool.HikariPool        : HikariPool-1 - Thread starvation or clock leap detected (housekeeper delta=15m31s381ms).
2026-01-02T02:29:30.689+05:30  WARN 13892 --- [Ecom] [l-1 housekeeper] com.zaxxer.hikari.pool.HikariPool        : HikariPool-1 - Thread starvation or clock leap detected (housekeeper delta=15m33s372ms).
2026-01-02T02:45:01.960+05:30  WARN 13892 --- [Ecom] [l-1 housekeeper] com.zaxxer.hikari.pool.HikariPool        : HikariPool-1 - Thread starvation or clock leap detected (housekeeper delta=15m31s271ms).
2026-01-02T03:00:32.937+05:30  WARN 13892 --- [Ecom] [l-1 housekeeper] com.zaxxer.hikari.pool.HikariPool        : HikariPool-1 - Thread starvation or clock leap detected (housekeeper delta=15m30s976ms).
2026-01-02T03:31:10.359+05:30  WARN 13892 --- [Ecom] [l-1 housekeeper] com.zaxxer.hikari.pool.HikariPool        : HikariPool-1 - Thread starvation or clock leap detected (housekeeper delta=30m37s423ms).
2026-01-02T03:46:44.094+05:30  WARN 13892 --- [Ecom] [l-1 housekeeper] com.zaxxer.hikari.pool.HikariPool        : HikariPool-1 - Thread starvation or clock leap detected (housekeeper delta=15m33s735ms).
2026-01-02T04:02:15.863+05:30  WARN 13892 --- [Ecom] [l-1 housekeeper] com.zaxxer.hikari.pool.HikariPool        : HikariPool-1 - Thread starvation or clock leap detected (housekeeper delta=15m31s769ms).
2026-01-02T04:17:46.617+05:30  WARN 13892 --- [Ecom] [l-1 housekeeper] com.zaxxer.hikari.pool.HikariPool        : HikariPool-1 - Thread starvation or clock leap detected (housekeeper delta=15m30s754ms).
2026-01-02T04:33:19.930+05:30  WARN 13892 --- [Ecom] [l-1 housekeeper] com.zaxxer.hikari.pool.HikariPool        : HikariPool-1 - Thread starvation or clock leap detected (housekeeper delta=15m33s312ms).
2026-01-02T05:03:54.710+05:30  WARN 13892 --- [Ecom] [l-1 housekeeper] com.zaxxer.hikari.pool.HikariPool        : HikariPool-1 - Thread starvation or clock leap detected (housekeeper delta=30m34s781ms).
2026-01-02T05:19:25.416+05:30  WARN 13892 --- [Ecom] [l-1 housekeeper] com.zaxxer.hikari.pool.HikariPool        : HikariPool-1 - Thread starvation or clock leap detected (housekeeper delta=15m30s706ms).
2026-01-02T05:34:56.155+05:30  WARN 13892 --- [Ecom] [l-1 housekeeper] com.zaxxer.hikari.pool.HikariPool        : HikariPool-1 - Thread starvation or clock leap detected (housekeeper delta=15m30s739ms).
2026-01-02T05:50:27.882+05:30  WARN 13892 --- [Ecom] [l-1 housekeeper] com.zaxxer.hikari.pool.HikariPool        : HikariPool-1 - Thread starvation or clock leap detected (housekeeper delta=15m31s727ms).
2026-01-02T06:16:18.280+05:30  WARN 13892 --- [Ecom] [l-1 housekeeper] com.zaxxer.hikari.pool.HikariPool        : HikariPool-1 - Thread starvation or clock leap detected (housekeeper delta=25m50s398ms).
2026-01-02T06:31:50.198+05:30  WARN 13892 --- [Ecom] [l-1 housekeeper] com.zaxxer.hikari.pool.HikariPool        : HikariPool-1 - Thread starvation or clock leap detected (housekeeper delta=15m31s918ms).
2026-01-02T06:47:21.629+05:30  WARN 13892 --- [Ecom] [l-1 housekeeper] com.zaxxer.hikari.pool.HikariPool        : HikariPool-1 - Thread starvation or clock leap detected (housekeeper delta=15m31s431ms).
2026-01-02T07:02:52.537+05:30  WARN 13892 --- [Ecom] [l-1 housekeeper] com.zaxxer.hikari.pool.HikariPool        : HikariPool-1 - Thread starvation or clock leap detected (housekeeper delta=15m30s908ms).
2026-01-02T07:18:25.157+05:30  WARN 13892 --- [Ecom] [l-1 housekeeper] com.zaxxer.hikari.pool.HikariPool        : HikariPool-1 - Thread starvation or clock leap detected (housekeeper delta=15m32s620ms).
2026-01-02T07:48:59.349+05:30  WARN 13892 --- [Ecom] [l-1 housekeeper] com.zaxxer.hikari.pool.HikariPool        : HikariPool-1 - Thread starvation or clock leap detected (housekeeper delta=30m34s192ms).
2026-01-02T08:02:02.375+05:30  WARN 13892 --- [Ecom] [l-1 housekeeper] com.zaxxer.hikari.pool.HikariPool        : HikariPool-1 - Thread starvation or clock leap detected (housekeeper delta=13m3s26ms).
2026-01-02T08:33:02.965+05:30  WARN 13892 --- [Ecom] [l-1 housekeeper] com.zaxxer.hikari.pool.HikariPool        : HikariPool-1 - Thread starvation or clock leap detected (housekeeper delta=30m30s578ms).
2026-01-02T08:47:17.014+05:30  WARN 13892 --- [Ecom] [l-1 housekeeper] com.zaxxer.hikari.pool.HikariPool        : HikariPool-1 - Thread starvation or clock leap detected (housekeeper delta=13m44s39ms).
2026-01-02T09:00:07.173+05:30  WARN 13892 --- [Ecom] [l-1 housekeeper] com.zaxxer.hikari.pool.HikariPool        : HikariPool-1 - Thread starvation or clock leap detected (housekeeper delta=12m50s159ms).
2026-01-02T13:02:22.011+05:30  WARN 13892 --- [Ecom] [l-1 housekeeper] com.zaxxer.hikari.pool.HikariPool        : HikariPool-1 - Thread starvation or clock leap detected (housekeeper delta=15m29s512ms).
2026-01-02T13:19:52.171+05:30  WARN 13892 --- [Ecom] [l-1 housekeeper] com.zaxxer.hikari.pool.HikariPool        : HikariPool-1 - Thread starvation or clock leap detected (housekeeper delta=15m30s128ms).
2026-01-02T13:38:22.314+05:30  WARN 13892 --- [Ecom] [l-1 housekeeper] com.zaxxer.hikari.pool.HikariPool        : HikariPool-1 - Thread starvation or clock leap detected (housekeeper delta=15m30s89ms).
2026-01-02T13:46:28.934+05:30  WARN 13892 --- [Ecom] [l-1 housekeeper] com.zaxxer.hikari.pool.HikariPool        : HikariPool-1 - Thread starvation or clock leap detected (housekeeper delta=7m6s601ms).
2026-01-02T14:29:29.884+05:30  WARN 13892 --- [Ecom] [l-1 housekeeper] com.zaxxer.hikari.pool.HikariPool        : HikariPool-1 - Thread starvation or clock leap detected (housekeeper delta=15m30s193ms).
2026-01-02T14:45:30.100+05:30  WARN 13892 --- [Ecom] [l-1 housekeeper] com.zaxxer.hikari.pool.HikariPool        : HikariPool-1 - Thread starvation or clock leap detected (housekeeper delta=15m30s205ms).
2026-01-02T15:01:30.315+05:30  WARN 13892 --- [Ecom] [l-1 housekeeper] com.zaxxer.hikari.pool.HikariPool        : HikariPool-1 - Thread starvation or clock leap detected (housekeeper delta=15m30s204ms).
2026-01-02T15:17:00.495+05:30  WARN 13892 --- [Ecom] [l-1 housekeeper] com.zaxxer.hikari.pool.HikariPool        : HikariPool-1 - Thread starvation or clock leap detected (housekeeper delta=15m30s180ms).
2026-01-02T15:33:00.489+05:30  WARN 13892 --- [Ecom] [l-1 housekeeper] com.zaxxer.hikari.pool.HikariPool        : HikariPool-1 - Thread starvation or clock leap detected (housekeeper delta=15m30s14ms).
2026-01-02T15:48:30.662+05:30  WARN 13892 --- [Ecom] [l-1 housekeeper] com.zaxxer.hikari.pool.HikariPool        : HikariPool-1 - Thread starvation or clock leap detected (housekeeper delta=15m30s173ms).
2026-01-02T16:04:30.785+05:30  WARN 13892 --- [Ecom] [l-1 housekeeper] com.zaxxer.hikari.pool.HikariPool        : HikariPool-1 - Thread starvation or clock leap detected (housekeeper delta=15m30s100ms).
2026-01-02T16:14:49.942+05:30  WARN 13892 --- [Ecom] [l-1 housekeeper] com.zaxxer.hikari.pool.HikariPool        : HikariPool-1 - Thread starvation or clock leap detected (housekeeper delta=9m49s141ms).
2026-01-02T16:30:20.010+05:30  WARN 13892 --- [Ecom] [l-1 housekeeper] com.zaxxer.hikari.pool.HikariPool        : HikariPool-1 - Thread starvation or clock leap detected (housekeeper delta=15m30s68ms).
2026-01-02T16:46:20.210+05:30  WARN 13892 --- [Ecom] [l-1 housekeeper] com.zaxxer.hikari.pool.HikariPool        : HikariPool-1 - Thread starvation or clock leap detected (housekeeper delta=15m30s183ms).
2026-01-02T16:57:48.894+05:30  WARN 13892 --- [Ecom] [l-1 housekeeper] com.zaxxer.hikari.pool.HikariPool        : HikariPool-1 - Thread starvation or clock leap detected (housekeeper delta=10m58s678ms).
2026-01-02T18:36:19.789+05:30  WARN 13892 --- [Ecom] [l-1 housekeeper] com.zaxxer.hikari.pool.HikariPool        : HikariPool-1 - Thread starvation or clock leap detected (housekeeper delta=15m29s694ms).
2026-01-02T18:50:30.856+05:30  WARN 13892 --- [Ecom] [l-1 housekeeper] com.zaxxer.hikari.pool.HikariPool        : HikariPool-1 - Thread starvation or clock leap detected (housekeeper delta=13m41s60ms).
2026-01-02T21:17:23.687+05:30  WARN 13892 --- [Ecom] [l-1 housekeeper] com.zaxxer.hikari.pool.HikariPool        : HikariPool-1 - Thread starvation or clock leap detected (housekeeper delta=1m51s614ms).
2026-01-02T21:32:53.786+05:30  WARN 13892 --- [Ecom] [l-1 housekeeper] com.zaxxer.hikari.pool.HikariPool        : HikariPool-1 - Thread starvation or clock leap detected (housekeeper delta=15m30s100ms).
2026-01-02T21:34:48.669+05:30  WARN 13892 --- [Ecom] [l-1 housekeeper] com.zaxxer.hikari.pool.HikariPool        : HikariPool-1 - Thread starvation or clock leap detected (housekeeper delta=54s881ms).
2026-01-02T21:50:18.899+05:30  WARN 13892 --- [Ecom] [l-1 housekeeper] com.zaxxer.hikari.pool.HikariPool        : HikariPool-1 - Thread starvation or clock leap detected (housekeeper delta=15m30s230ms).
2026-01-02T22:06:19.053+05:30  WARN 13892 --- [Ecom] [l-1 housekeeper] com.zaxxer.hikari.pool.HikariPool        : HikariPool-1 - Thread starvation or clock leap detected (housekeeper delta=15m30s146ms).
2026-01-02T22:09:56.943+05:30  WARN 13892 --- [Ecom] [l-1 housekeeper] com.zaxxer.hikari.pool.HikariPool        : HikariPool-1 - Thread starvation or clock leap detected (housekeeper delta=3m37s890ms).
2026-01-02T23:38:14.790+05:30  WARN 13892 --- [Ecom] [l-1 housekeeper] com.zaxxer.hikari.pool.HikariPool        : HikariPool-1 - Thread starvation or clock leap detected (housekeeper delta=16m16s628ms).
2026-01-02T23:53:48.133+05:30  WARN 13892 --- [Ecom] [l-1 housekeeper] com.zaxxer.hikari.pool.HikariPool        : HikariPool-1 - Thread starvation or clock leap detected (housekeeper delta=15m33s344ms).
2026-01-03T00:24:20.181+05:30  WARN 13892 --- [Ecom] [l-1 housekeeper] com.zaxxer.hikari.pool.HikariPool        : HikariPool-1 - Thread starvation or clock leap detected (housekeeper delta=30m32s48ms).
2026-01-03T00:39:51.211+05:30  WARN 13892 --- [Ecom] [l-1 housekeeper] com.zaxxer.hikari.pool.HikariPool        : HikariPool-1 - Thread starvation or clock leap detected (housekeeper delta=15m31s30ms).
2026-01-03T00:55:23.129+05:30  WARN 13892 --- [Ecom] [l-1 housekeeper] com.zaxxer.hikari.pool.HikariPool        : HikariPool-1 - Thread starvation or clock leap detected (housekeeper delta=15m31s918ms).
2026-01-03T01:10:54.998+05:30  WARN 13892 --- [Ecom] [l-1 housekeeper] com.zaxxer.hikari.pool.HikariPool        : HikariPool-1 - Thread starvation or clock leap detected (housekeeper delta=15m31s869ms).
2026-01-03T01:37:22.621+05:30  WARN 13892 --- [Ecom] [l-1 housekeeper] com.zaxxer.hikari.pool.HikariPool        : HikariPool-1 - Thread starvation or clock leap detected (housekeeper delta=26m27s623ms).
2026-01-03T01:52:54.514+05:30  WARN 13892 --- [Ecom] [l-1 housekeeper] com.zaxxer.hikari.pool.HikariPool        : HikariPool-1 - Thread starvation or clock leap detected (housekeeper delta=15m31s893ms).
2026-01-03T02:08:27.651+05:30  WARN 13892 --- [Ecom] [l-1 housekeeper] com.zaxxer.hikari.pool.HikariPool        : HikariPool-1 - Thread starvation or clock leap detected (housekeeper delta=15m33s137ms).
2026-01-03T02:23:58.247+05:30  WARN 13892 --- [Ecom] [l-1 housekeeper] com.zaxxer.hikari.pool.HikariPool        : HikariPool-1 - Thread starvation or clock leap detected (housekeeper delta=15m30s596ms).
2026-01-03T02:39:29.201+05:30  WARN 13892 --- [Ecom] [l-1 housekeeper] com.zaxxer.hikari.pool.HikariPool        : HikariPool-1 - Thread starvation or clock leap detected (housekeeper delta=15m30s954ms).
2026-01-03T02:55:02.552+05:30  WARN 13892 --- [Ecom] [l-1 housekeeper] com.zaxxer.hikari.pool.HikariPool        : HikariPool-1 - Thread starvation or clock leap detected (housekeeper delta=15m33s351ms).
2026-01-03T03:25:35.182+05:30  WARN 13892 --- [Ecom] [l-1 housekeeper] com.zaxxer.hikari.pool.HikariPool        : HikariPool-1 - Thread starvation or clock leap detected (housekeeper delta=30m32s630ms).
2026-01-03T03:41:06.486+05:30  WARN 13892 --- [Ecom] [l-1 housekeeper] com.zaxxer.hikari.pool.HikariPool        : HikariPool-1 - Thread starvation or clock leap detected (housekeeper delta=15m31s304ms).
2026-01-03T03:56:36.543+05:30  WARN 13892 --- [Ecom] [l-1 housekeeper] com.zaxxer.hikari.pool.HikariPool        : HikariPool-1 - Thread starvation or clock leap detected (housekeeper delta=15m30s57ms).
2026-01-03T04:12:09.934+05:30  WARN 13892 --- [Ecom] [l-1 housekeeper] com.zaxxer.hikari.pool.HikariPool        : HikariPool-1 - Thread starvation or clock leap detected (housekeeper delta=15m33s391ms).
2026-01-03T04:27:41.268+05:30  WARN 13892 --- [Ecom] [l-1 housekeeper] com.zaxxer.hikari.pool.HikariPool        : HikariPool-1 - Thread starvation or clock leap detected (housekeeper delta=15m31s334ms).
2026-01-03T04:43:12.702+05:30  WARN 13892 --- [Ecom] [l-1 housekeeper] com.zaxxer.hikari.pool.HikariPool        : HikariPool-1 - Thread starvation or clock leap detected (housekeeper delta=15m31s434ms).
2026-01-03T04:58:44.585+05:30  WARN 13892 --- [Ecom] [l-1 housekeeper] com.zaxxer.hikari.pool.HikariPool        : HikariPool-1 - Thread starvation or clock leap detected (housekeeper delta=15m31s883ms).
2026-01-03T05:18:00.251+05:30  WARN 13892 --- [Ecom] [l-1 housekeeper] com.zaxxer.hikari.pool.HikariPool        : HikariPool-1 - Thread starvation or clock leap detected (housekeeper delta=19m15s666ms).
2026-01-03T05:48:31.448+05:30  WARN 13892 --- [Ecom] [l-1 housekeeper] com.zaxxer.hikari.pool.HikariPool        : HikariPool-1 - Thread starvation or clock leap detected (housekeeper delta=30m31s197ms).
2026-01-03T06:04:05.137+05:30  WARN 13892 --- [Ecom] [l-1 housekeeper] com.zaxxer.hikari.pool.HikariPool        : HikariPool-1 - Thread starvation or clock leap detected (housekeeper delta=15m33s689ms).
2026-01-03T06:19:41.531+05:30  WARN 13892 --- [Ecom] [l-1 housekeeper] com.zaxxer.hikari.pool.HikariPool        : HikariPool-1 - Thread starvation or clock leap detected (housekeeper delta=15m36s394ms).
2026-01-03T06:35:12.686+05:30  WARN 13892 --- [Ecom] [l-1 housekeeper] com.zaxxer.hikari.pool.HikariPool        : HikariPool-1 - Thread starvation or clock leap detected (housekeeper delta=15m31s155ms).
2026-01-03T07:05:49.187+05:30  WARN 13892 --- [Ecom] [l-1 housekeeper] com.zaxxer.hikari.pool.HikariPool        : HikariPool-1 - Thread starvation or clock leap detected (housekeeper delta=30m36s500ms).
2026-01-03T07:19:03.202+05:30  WARN 13892 --- [Ecom] [l-1 housekeeper] com.zaxxer.hikari.pool.HikariPool        : HikariPool-1 - Thread starvation or clock leap detected (housekeeper delta=13m14s16ms).
2026-01-03T07:34:34.568+05:30  WARN 13892 --- [Ecom] [l-1 housekeeper] com.zaxxer.hikari.pool.HikariPool        : HikariPool-1 - Thread starvation or clock leap detected (housekeeper delta=15m31s366ms).
2026-01-03T07:50:07.936+05:30  WARN 13892 --- [Ecom] [l-1 housekeeper] com.zaxxer.hikari.pool.HikariPool        : HikariPool-1 - Thread starvation or clock leap detected (housekeeper delta=15m33s368ms).
2026-01-03T08:05:41.311+05:30  WARN 13892 --- [Ecom] [l-1 housekeeper] com.zaxxer.hikari.pool.HikariPool        : HikariPool-1 - Thread starvation or clock leap detected (housekeeper delta=15m33s375ms).
2026-01-03T08:18:42.873+05:30  WARN 13892 --- [Ecom] [l-1 housekeeper] com.zaxxer.hikari.pool.HikariPool        : HikariPool-1 - Thread starvation or clock leap detected (housekeeper delta=13m1s562ms).
2026-01-03T09:26:04.514+05:30  WARN 13892 --- [Ecom] [l-1 housekeeper] com.zaxxer.hikari.pool.HikariPool        : HikariPool-1 - Thread starvation or clock leap detected (housekeeper delta=45s726ms).
2026-01-03T09:28:38.632+05:30  WARN 13892 --- [Ecom] [l-1 housekeeper] com.zaxxer.hikari.pool.HikariPool        : HikariPool-1 - Thread starvation or clock leap detected (housekeeper delta=2m4s112ms).
2026-01-03T09:33:50.762+05:30  WARN 13892 --- [Ecom] [l-1 housekeeper] com.zaxxer.hikari.pool.HikariPool        : HikariPool-1 - Thread starvation or clock leap detected (housekeeper delta=4m42s119ms).
2026-01-03T09:49:20.877+05:30  WARN 13892 --- [Ecom] [l-1 housekeeper] com.zaxxer.hikari.pool.HikariPool        : HikariPool-1 - Thread starvation or clock leap detected (housekeeper delta=15m30s115ms).
2026-01-03T10:12:29.275+05:30  WARN 13892 --- [Ecom] [l-1 housekeeper] com.zaxxer.hikari.pool.HikariPool        : HikariPool-1 - Thread starvation or clock leap detected (housekeeper delta=22m38s395ms).
2026-01-03T10:23:16.130+05:30  WARN 13892 --- [Ecom] [l-1 housekeeper] com.zaxxer.hikari.pool.HikariPool        : HikariPool-1 - Thread starvation or clock leap detected (housekeeper delta=10m46s855ms).
2026-01-03T13:48:49.289+05:30  WARN 13892 --- [Ecom] [l-1 housekeeper] com.zaxxer.hikari.pool.HikariPool        : HikariPool-1 - Thread starvation or clock leap detected (housekeeper delta=15m30s222ms).
2026-01-03T14:04:49.346+05:30  WARN 13892 --- [Ecom] [l-1 housekeeper] com.zaxxer.hikari.pool.HikariPool        : HikariPool-1 - Thread starvation or clock leap detected (housekeeper delta=15m30s50ms).
2026-01-03T14:21:19.561+05:30  WARN 13892 --- [Ecom] [l-1 housekeeper] com.zaxxer.hikari.pool.HikariPool        : HikariPool-1 - Thread starvation or clock leap detected (housekeeper delta=15m30s206ms).
2026-01-03T14:37:19.630+05:30  WARN 13892 --- [Ecom] [l-1 housekeeper] com.zaxxer.hikari.pool.HikariPool        : HikariPool-1 - Thread starvation or clock leap detected (housekeeper delta=15m30s58ms).
2026-01-03T14:52:49.836+05:30  WARN 13892 --- [Ecom] [l-1 housekeeper] com.zaxxer.hikari.pool.HikariPool        : HikariPool-1 - Thread starvation or clock leap detected (housekeeper delta=15m30s206ms).
2026-01-03T15:08:49.365+05:30  WARN 13892 --- [Ecom] [l-1 housekeeper] com.zaxxer.hikari.pool.HikariPool        : HikariPool-1 - Thread starvation or clock leap detected (housekeeper delta=15m29s523ms).
2026-01-03T15:17:44.602+05:30  WARN 13892 --- [Ecom] [l-1 housekeeper] com.zaxxer.hikari.pool.HikariPool        : HikariPool-1 - Thread starvation or clock leap detected (housekeeper delta=8m25s225ms).
2026-01-03T18:19:32.172+05:30  WARN 13892 --- [Ecom] [l-1 housekeeper] com.zaxxer.hikari.pool.HikariPool        : HikariPool-1 - Thread starvation or clock leap detected (housekeeper delta=2m15s546ms).
2026-01-03T18:35:02.356+05:30  WARN 13892 --- [Ecom] [l-1 housekeeper] com.zaxxer.hikari.pool.HikariPool        : HikariPool-1 - Thread starvation or clock leap detected (housekeeper delta=15m30s185ms).
2026-01-03T18:37:58.434+05:30  WARN 13892 --- [Ecom] [l-1 housekeeper] com.zaxxer.hikari.pool.HikariPool        : HikariPool-1 - Thread starvation or clock leap detected (housekeeper delta=2m26s66ms).
2026-01-03T18:45:43.893+05:30  WARN 13892 --- [Ecom] [l-1 housekeeper] com.zaxxer.hikari.pool.HikariPool        : HikariPool-1 - Thread starvation or clock leap detected (housekeeper delta=6m45s448ms).
2026-01-03T18:48:42.406+05:30  WARN 13892 --- [Ecom] [l-1 housekeeper] com.zaxxer.hikari.pool.HikariPool        : HikariPool-1 - Thread starvation or clock leap detected (housekeeper delta=2m28s502ms).
2026-01-03T18:55:49.443+05:30  WARN 13892 --- [Ecom] [l-1 housekeeper] com.zaxxer.hikari.pool.HikariPool        : HikariPool-1 - Thread starvation or clock leap detected (housekeeper delta=6m7s25ms).
2026-01-03T19:14:28.982+05:30  WARN 13892 --- [Ecom] [l-1 housekeeper] com.zaxxer.hikari.pool.HikariPool        : HikariPool-1 - Thread starvation or clock leap detected (housekeeper delta=18m9s533ms).
2026-01-03T19:30:32.101+05:30  WARN 13892 --- [Ecom] [l-1 housekeeper] com.zaxxer.hikari.pool.HikariPool        : HikariPool-1 - Thread starvation or clock leap detected (housekeeper delta=15m33s108ms).
2026-01-03T19:45:03.556+05:30  WARN 13892 --- [Ecom] [l-1 housekeeper] com.zaxxer.hikari.pool.HikariPool        : HikariPool-1 - Thread starvation or clock leap detected (housekeeper delta=14m31s455ms).
